sticker_id,labeled_queries
1017943490086044336.png,çœ‹çœ‹
1043703381077524694.png,"ä½ è¯´å¾—å¯¹, æˆ‘èµžåŒ, ç‚¹èµž, nice, ðŸ‘, ç‹—, å¾ˆæ£’"
1043703381077524696.png,"å˜¿å˜¿, è§‚å¯Ÿ, æ€Žä¹ˆäº†, æŽ¢å¤´, æŸ´çŠ¬, å·çœ‹, åœ¨å—"
1043703381077524705.png,"æ‹½, çž§ä¸èµ·, çœ‹ä¸èµ·, é…·, æ–œçœ¼, å¹æ°”, æ— è¯­"
1043703381077524709.png,"åè¡€, æ— è¯­, ç‚¸è£‚, è¿‡åˆ†"
1043703381077524716.png,"æœŸå¾…, ä¹–å·§, å¼€å¿ƒ, å¥½è€¶"
1043703381077524727.png,"ç”»ä¸ªåœˆåœˆè¯…å’’ä½ , ä½Žè½, æŸ´çŠ¬æŠ±è†, æ— è¯­, æš—æˆ³æˆ³, æ‚²ä¼¤"
1043703381077524731.png,"è‘›ä¼˜èºº, æŸ´çŠ¬, é å¢™, ä¸è¡Œäº†, èººå¹³, ä¼‘æ¯ä¸‹"
1043703381077524734.png,"å¹æ°”, ðŸ˜®â€ðŸ’¨, æ„Ÿå¹"
1043703381077524737.png,"æŠ½æ ¹çƒŸ, ä½ è®¤çœŸçš„ï¼Ÿ, é å¢™, æ€è€ƒäººç”Ÿ, æŠ½çƒŸ, é»‘çœ¼åœˆ, è§’è½å¹æ°”"
1043703381077524740.png,"é„™è§†, æ— è¯­, æŠ é¼»å±Ž, ç‹—"
1043703381077524802.png,ä¼‘æ¯
105996717668698236.png,"å¼€å¿ƒ, å¾®ç¬‘, æ„Ÿæ©, è¯´è°Ž"
1102348238926643205.png,"æµ·ç»µå®å®, å›°, ç–²æƒ«"
1149383731455197345.png,"å°±æ˜¯ä½ , å†²å•Š, èµ°å§, ç›®æ ‡"
1196171713608417575.png,"æ¯”å¿ƒ, çˆ±å¿ƒ"
1220028319907447048.gif,"å“ˆå“ˆå¤§ç¬‘, ç¬‘å€’, å˜»å˜»"
1220028319907447335.gif,"æ¥äº†, åœ¨è·¯ä¸Š, å˜¿å˜¿, é©¬ä¸Šåˆ°"
1220028319907447341.gif,"å˜»å˜», å°çŒª, å¼€å¿ƒ, çŒªçŒª, happy, é«˜å…´, çŽ©è€, å˜¿å˜¿"
1220028319907447342.gif,"æ‰“é—¹, ä¸å–œæ¬¢, è®¨åŽŒ, æ‰“æž¶, é—¹"
1220028319907447445.gif,"å˜»å˜», å¾®ç¬‘, å¼€å¿ƒ, å¤§å®¶ä¸€èµ·ç¬‘, å“ˆå“ˆ, å…”å­, å°é¸¡, ç¬‘"
1220028319907447447.gif,"GOOD, å¥½æ£’, èµž, åŽ‰å®³, å¯ä»¥çš„, è¹¦è¹¦è·³è·³, good, è¶…æ£’, çœŸèµž"
1220028319907449861.gif,"å“­, éš¾è¿‡, ä¼¤å¿ƒ, å‘œå‘œ, å¤§å“­, å°‘å¥³"
1249949699201302698.png,"æ±—æµæµƒèƒŒ, éš¾è¿‡, çŒ¥ç, é¸­å­, å“­æ³£"
1269403972611866963.gif,"åèˆŒå¤´, è®¨åŽŒä½ , ä¸å–œæ¬¢ä½ , ç•¥ç•¥ç•¥, å“¼"
1352098594324217913.png,"ç»™ä½ ä¸€jio, ä¸‹æ¬¡çº¦ä½ , æ”¹æ¬¡ä¸€èµ·, ç™½è‰²å°ç†Š, è¸¢"
1360886329340072541.gif,"ä½“æ³¢, è²“è²“èŸ²å’–æ³¢, è€¶, å¼¹å¼¹, è“è‰²çŒ«å’ª, å¿«ä¹, æ™ƒåŠ¨"
1360886329340072745.gif,"è´´è´´, å¥½è€¶, ä½ æœ€å¥½äº†, çˆ±ä½ , è“è‰²çŒ«å’ª, å“ˆå“ˆå¤§ç¬‘, å€’åœ°å¤§å°, æ§è…¹å¤§ç¬‘"
1360886329340072762.gif,"å§”å±ˆå·´å·´, å¯æ€œ, ä¸ä¼šå§, æ•‘æ•‘æˆ‘, éš¾è¿‡, ä¼¤å¿ƒ, è²“è²“èŸ²å’–æ³¢, å‘œå‘œ, å“­æ³£, å§”å±ˆ"
1360886329340073259.gif,"äº²äº², ä¹ˆä¹ˆå“’, è€¶, væ‰‹, ;3"
1360886329340073282.gif,"æ£’æ£’çš„, ç«–æ‹‡æŒ‡, å¥½çš„, èµž, æ„ŸåŠ¨å“­, çœŸæ£’, æ— è¯­å‡å™Ž"
1360886329340073288.gif,"å¼€å¿ƒ, æŒ¯è‡‚é«˜å‘¼, åŠ æ²¹, è€¶ï¼, ç»ˆäºŽæžå®šå•¦ï¼, æˆ‘è§£æ”¾å•¦ï¼"
1360886329340073290.gif,"éœ‡æƒŠ, éš¾å—, ä½ æ‰“æˆ‘å‘€, å¼¹èˆŒæŒ‘è¡…, å˜¿å˜¿å˜¿"
1360886329340073292.gif,"æŠ é¼»å±Ž, é¢¤æŠ–"
1360886329340073302.gif,"æ³ªæµæˆæ²³, OwO, æ„ŸåŠ¨å“­, ç¾¡æ…•å“­å•¦ï¼, æ˜Ÿæ˜Ÿçœ¼, æ¿€åŠ¨, å–œæžè€Œæ³£"
1391391008142393347.gif,"æ‹…å¿ƒ, ææƒ§, ææ…Œ, å®³æ€•, ç‘Ÿç‘Ÿå‘æŠ–, å“"
1391391008142393358.gif,"å¤§å“­, ä¼¤å¿ƒ, å“‡å””, éš¾è¿‡, æ³ªæµæ»¡é¢, æ³ªæµæˆæ²³"
1391391008142393363.gif,"æˆ‘è¦, æƒ³è¦, å—¯å—¯, å¥½, æ²¡é—®é¢˜, å¤ªå¥½äº†, çœŸçš„å—, ä¸æ•¢ç›¸ä¿¡, ç‹‚ç‚¹å¤´, çº¢è‰²æ¨±æ¡ƒçŠ¶"
1391391008142393460.gif,"æˆ‘æ˜¯ä¸ªç¬‘è¯å—, æ— å¥ˆ, æ— è¯­, æ˜¯çŽ©ç¬‘å—, am i a joke, å°ä¸‘, ä¸çˆ½, è®¤çœŸç‚¹"
1405493022157701125.gif,"è·³èˆž, é’è›™"
1471004892762996804.gif,"æˆ‘æ²¡äº‹ï¼ˆbushi, æˆ‘è¿˜å¯ä»¥ç»§ç»­, I'm fine, æµåŠ¨ä¸‹å°é˜¶, è“è‰²çš„çŒ«å’ª"
1494180970083909751.gif,"å“ˆå“ˆå“ˆå“ˆ, æžç¬‘"
1556835416127045699.gif,"äº†äº†äº†äº†, å•¦å•¦å•¦å•¦, ä¸æƒ³å¬ä½ è¯´, ä¸å¬ä¸å¬, ç•¥ç•¥ç•¥, åèˆŒå¤´"
1569031431030571585.png,"å’¬ç‰™åšæŒ, çžªå¤§åŒçœ¼, èµ°é©¬ç¯, å’¬ç‰™åˆ‡é½¿, å¯ä»¥çš„, åšæŒ, ä¸æ”¾å¼ƒ"
1592756632805186008.gif,"åƒç“œ, æœŸå¾…, é¼“æŽŒ, æ£’æ£’, èµž"
1592756632805186062.png,"å¾ˆå¿™,ï¼Ÿï¼Ÿï¼Ÿ"
1592756632805186118.gif,"æŠ“å¿ƒ, å¥½å¥‡, å¿«è¯´ï¼, æŒ ç—’ç—’, æŒ èƒ¸å£"
1592756632805186122.gif,"ä¿®æŒ‡ç”², é„™è§†"
1592756632805186585.png,"å€Ÿé…’æ¶ˆæ„, å¹²äº†"
1630841254575079609.gif,"çªçªçª, æ‰“æžª, å‡»è´¥ä½ , é€‰æ‹©æš´åŠ›"
1630841254575079632.gif,"æ˜Žç™½, ï¼Ÿï¼Ÿï¼Ÿ, ç–‘æƒ‘"
1630841254575079641.gif,"å“ˆå“ˆå¤§ç¬‘, æžç¬‘, æ‹æ²™å‘, å“ˆå“ˆå“ˆ, ç¬‘æ­»äº†, å¤§ç¬‘"
1630841254575079651.gif,"æ€Žä¹ˆå›žäº‹å°è€å¼Ÿ, ä¸çˆ½, æ€Žä¹ˆå›žäº‹, å°è€å¼Ÿ, æˆ³"
1630841254575079656.gif,"å“ˆå“ˆå“ˆå“ˆå“ˆ, å¤§ç¬‘, å“ˆå“ˆå“ˆ, é«˜å…´, å¼€å¿ƒ"
1630841254575080023.gif,"æ”»å‡», è¿‡æ¥æ‰“ä½ , æç€å¤§åˆ€, æ„¤æ€’, å¥”è·‘"
1801939437249101981.gif,"å¤§èˆŒå¤´, é•¿èˆŒ, çµé­‚å‡ºçª, è·ªäº†"
182751983726232083.png,"å“, å®³æ€•, æƒŠæ‚š, ç¼©åœ¨è§’è½, æƒŠå“, æƒŠæ, å¤©å•Š"
182751983726232148.png,"å‡»æ¯™ä½ , ä¸¥è‚ƒçŒ«, ä½ æƒ³æ¸…æ¥š"
182751983726232156.png,"éœ‡æƒŠ, æ— è¯­"
1833747660100599875.png,"å˜»å˜», æ–œçœ¼, å˜¿å˜¿"
1833747660100599879.png,"ç»™ä½ ç‚¹èµž, ä¸æ„§æ˜¯ä½ , åŒå€èµž, å¹²å¾—æ¼‚äº®, èµž, nice, good"
1833747660100599880.png,"è‚¥çŒ«å¤§å“­, ç»æœ›, æ€Žä¹ˆåŠž, è¿™ä¸‹å­å®Œäº†, éš¾è¿‡, è‚¥çŒ«, æ³ªæµæˆæ²³, ä¼¤å¿ƒ, å“­, å‘œå‘œ"
1833747660100599887.png,"è‚¥çŒ«, é„™è§†, ä½ ç¡®å®šå—, æ€€ç–‘, è®¤çœŸçš„å—ï¼Ÿ, çŒ«å’ª, åŒä¸‹å·´"
186649756741665162.gif,"ç¬‘å“­, éš¾å—, é’è›™, ç¬‘å“­äº†, ç»¿é’è›™, ç®ç‰™"
187378887569703150.png,"praise the Lord!, èµžç¾Žè€¶ç¨£, praise the lord, yeah"
1959275874691842146.png,"ä¸­æžª, ç›®çžªå£å‘†"
198787403039638196.png,"ä¼¤å¿ƒ, å“­, éš¾è¿‡, ä½œä¸šè¦å†™ä¸å®Œäº†, å‘œå‘œå‘œ"
1998657550815330339.png,"è¾£çœ¼ç›, ä¸å¿ç›´è§†, ä¸æƒ³çœ‹, éš¾è¿‡, å“­æ³£, éš¾å—"
2068366502116983150.png,"aaaa, å´©æºƒ"
2157482469304041497.gif,"å‘œå‘œ, éš¾è¿‡, å“­å“­, æ²¡åŠžæ³•åšåˆ°"
2182516944614195261.png,"çªç„¶å‡ºçŽ°, åœ¨è¿™é‡Œ, å¼€å¿ƒ, æ¥å’¯, æŽ¢å¤´, å˜»å˜», å¾®ç¬‘, å®å®"
2182516944614195294.png,"å®³æ€•, ç°è‰²è¡£æœå°å­©, æ‘Šæ‰‹, ä¸‹é¢å¾€ä¸Šçœ‹"
2182516944614195333.png,"å°å¥³å­©, æˆ³è„¸é¢Š, å¢¨é•œ, å¯çˆ±"
2193800188773011470.gif,"æŒ‚äº†, æ­»äº†, åŠç€, å€’ç«‹, ç»‘ä½è„š, è¡"
2193800188773011597.gif,"é£žè¸¢, è¸¹å€’, ç†Š, è¸¢é£ž, åŽ»æ­», æ¬ æ, æ‰“ä½ , æ»š"
2193800188773011752.gif,"å˜»å˜»å¼å¼, å˜å¼‚ç¬‘, ç‹‚ç¬‘, å“ˆå“ˆå“ˆå¤§ç¬‘, åŠæ‚å˜´"
2193800188773011871.gif,"æ—‹è½¬,è½¬åœˆåœˆ"
2193800188773011896.gif,"å¼€å¿ƒ, è¸æ­¥, å˜»å˜», å•¦å•¦å•¦, å¿«ä¹, é«˜æŠ¬è…¿è·³"
2193800188773011897.gif,"å˜»å˜», å¼€å¿ƒ, >U<, å¼€å¿ƒåœ°å€’ä¸‹, å“ˆå“ˆå¤§ç¬‘, ç¬‘è¶´äº†, ç¬‘æ­»äº†"
2193800188773012057.gif,"å“­, å‘œå‘œ, æ³ªæµæ»¡é¢, éš¾è¿‡, ä¼¤å¿ƒ, qwq, ww, å“­æ³£, éš¾å—"
2267317642194845756.gif,"å“Ž, é¢å£, éš¾è¿‡"
2267317642194845781.gif,"é‡‘å…‰é—ªé—ª, å˜é’è›™"
2267317642194845814.gif,"æ‰­å±è‚¡, çˆ½, å¼€å¿ƒ, é¸Ÿ"
227521399969809576.png,"æ³ªæµæ»¡é¢, ä¼¤å¿ƒæ¬²ç», å“­æ­», éš¾è¿‡, ååœ¨çœ¼æ³ªé‡Œ, å“­, æ‚²ä¼¤, é€†æµæˆæ²³"
234944112774611771.gif,"è®©æˆ‘æƒ³æƒ³, æ€è€ƒ, ðŸ¤”, ä¸‘å¤–æ˜Ÿäºº, æ‘¸ä¸‹å·´"
2350329275443314871.png,"å°å“­, å¤§å“­, æ‰­æ›²è„¸, å“­, æ‰­æ›²"
2350329275443314887.png,"æ€äº†æˆ‘, å¥½ç—›è‹¦, ðŸ¥¹, æžª, æµæ³ª, æžœå†»çœ¼, æµæ³ªå¼€æžª"
2350329275443314933.png,"å·çœ‹, å®³ç¾ž, åƒç“œ, ç‚¸è£‚"
2480667625772810592.gif,"æ±—æµæµƒèƒŒ, å“­æ³£, æ‘”å€’, æ³ªå¦‚é›¨ä¸‹, ç»™è·ªäº†, ç»æœ›, æ³£ä¸æˆå£°"
2480667625772810593.gif,"ok, å¥½çš„, æ²¡é—®é¢˜, å¦¥äº†, å¯çˆ±çš„ok, OK"
2562980648230846730.gif,"å“ˆå“ˆå“ˆ, ç¬‘æ­», xs, ç¬‘åˆ°é£™æ³ª, å¿è€…, å¤§ç¬‘, ç¬‘å‡ºçœ¼æ³ª, åƒæƒŠ"
263860190548328541.png,"å¤§æ— è¯­, æ¥çœŸçš„å—, ä¸ä¼šå§, å´©æºƒ, æ— è¯­, å¤´ç—›, æ— å¥ˆ, ç–¯æŽ‰äº†, æ‰¯è„¸çš®å­"
263860190548328549.png,"è¶…çº§ä¼¤å¿ƒ, éš¾è¿‡, çœ¼æ³ªæ³¡ç²¥, ä¼¤å¿ƒæ¬²ç»"
273008397874367890.gif,"çœ‹ä¸åˆ°æˆ‘, ç–¯ç‹‚æŒ¥æ‰‹, é’è›™, è€¶, æ£’"
273008397874367917.gif,"è·‘, èµ°, èµ¶è·¯, è·¯ä¸Š, å¥”è·‘, ç‹‚å¥”, é’è›™"
2737268664460902429.gif,"å°´å°¬, ä¸å¥½æ„æ€, ç†ŠçŒ«, é¢å¤´å†’æ±—"
2879204968382857236.png,"æ»¡æ„, å˜¿å˜¿, é˜¿å¦®äºš, çŒœä¸é€"
3212654065896919195.gif,"åŠ æ²¹, ä½ è¡Œçš„, å¯ä»¥çš„, ç›¸ä¿¡è‡ªå·±, ä½ æ˜¯æœ€æ£’çš„, å“¦è€¶, æ”¶åˆ°, yes sir"
3212654065896919665.gif,"ä¸˜æ¯”ç‰¹, å°„å¿ƒ, å°„ç®­, çˆ±å¿ƒ, å‘½ä¸­"
3212654065896919669.gif,"æ²®ä¸§, å”‰å£°å¹æ°”, æƒ³æ”¾å¼ƒ, å“Ž, å¹æ°”, éš¾è¿‡, ç´¯äº†"
3212654065896919672.gif,"éš¾è¿‡, ä¼¤å¿ƒ, å®³æ€•, æ— åŠ©, /w\, å§”å±ˆ, å§”å±ˆå·´å·´, å¯æ€œå…®å…®"
3212654065896919681.gif,"æ™šå®‰, çŽ©æ‰‹æœº, ç¡è§‰äº†, åœ¨è¢«çªé‡Œ, ä¼‘æ¯, èˆ’æœ, ç¡è§‰, è¢«çªçœ‹æ‰‹æœº"
3212654065896920972.gif,"ä½ æ‡‚çš„å“¦, å¥½æ£’çš„, å¯ä»¥çš„å“¦, è€¶, æŒ‡æžª, å‘æ˜Ÿ, å˜¿ï¼"
3212654065896920973.gif,"çˆ±ä½ , å¼€å¿ƒ, è°¢è°¢, å˜»å˜», ç›¸äº²ç›¸çˆ±, èƒŒé èƒŒ, æ¯”å¿ƒ"
3212654065896921394.gif,"ç¡è§‰, å¥½å›°, å›°æ­»äº†"
331131228218459239.png,"ä¸å¯èƒ½, ä¸è¡Œ, noway"
3323402744004894.gif,"å¤§å“­, å‘œå‘œ, æŸ´çŠ¬, éš¾è¿‡, ä¼¤å¿ƒ, æ³ªæµæˆæ²³, æ­¢ä¸ä½çœ¼æ³ª"
3323402744004922.gif,"æ±—æµæµƒèƒŒ, åŽ‹åŠ›å¤§"
3323402744004924.gif,"å‘µå‘µå‘µ, å˜»å˜», å“ˆå“ˆ, å¤§ç¬‘"
3323402744004929.gif,"æˆ‘çš„å¤©å•Šï¼, éœ‡æƒŠ, æƒŠå‘†äº†, æƒŠè®¶, å¤©å•Š, ä¸ä¼šå§"
3474244739891462431.png,"å‡è§†, æ— è¯å¯è¯´, å˜¿å˜¿"
3504956075340201986.png,"ä¸¥è‚ƒæ€è€ƒ, æƒ³æƒ³, æƒ³ä¸€ä¸‹, ä¸“æ³¨æ€è€ƒ"
359258651212383475.png,"å®³ç¾ž, ä¸å¥½æ„æ€, ç¾žç¾ž, è„¸çº¢, æ²¡çœ¼çœ‹, æ‚çœ¼ç›, è„¸çº¢å¿ƒè·³"
359541685262226181.gif,"å¼€å¿ƒ, ç¬‘æ­»æˆ‘äº†, å€’åœ°, ç¬‘å¾—å››è„šæœå¤©, çŒ«å’ª, ç¬‘å¾—è‚šå­ç–¼"
441671243897241893.gif,"é¼“æŽŒ, æŽ’é•¿, å¤ªå¥½äº†, è®½åˆº, æ“æ“æ‰‹, ä¸çŸ¥æ‰€æŽª, æ€Žä¹ˆåŠžæ€Žä¹ˆåŠž"
4907045451879941139.png,"æ–½æ³•, çœ‹è¡¨, é¢, ä¸è¦å•Š, æˆ‘æ‹’ç», æ— è¯­"
4907084080815801337.png,"é™é™çš„çœ‹ç€ä½ , åŠ³èµ„æ•°åˆ°ä¸‰"
4909308620472058340.png,"å“‡, æ„ŸåŠ¨, çˆ±ä½ , ä¹ˆä¹ˆå“’"
4911271261612540311.png,"æ·±åº¦æ€è€ƒ, ç‚¸è£‚, ðŸ¤¯"
4938207282153391325.png,"æŽ¢å¤´, æ³„æ°”, æ— ç¥ž, åæ°”, å¹æ°”, æ²¡é’±äº†"
4938246237506766030.png,"æ€è€ƒ, å…ƒç¥ž"
4938678500195304002.png,"å®³æ€•, éœ‡æƒŠ, é¢¤æ —, çžªå¤§åŒçœ¼"
4940719524488938584.png,"æˆ‘å°±é™é™çš„,å–èŒ¶"
4947563151148188199.png,"stop, åœ, æ‰‡å­é®è„¸, è“è‰²é©¬å°¾å¥³å­©, åˆ«è¯´äº†, é˜»æ­¢"
4958975094002024771.png,"å‡è§†, é»‘äºº, å¥¥å°¼å°”"
4972358186326557300.webm,"å¤©å¡Œäº†, æŠ–åŠ¨å¼å“­æ³•, å¤©å•Š, å•Šå•Šå•Š, æ€Žä¹ˆåŠž, å´©æºƒ"
499916253176007558.gif,"èµž, ä¼˜ç§€, ç«–å¤§æ‹‡æŒ‡, å¤§å®¶éƒ½å¾ˆæ£’ï¼, åˆä½œå…±èµ¢"
5012542733571589183.webm,"ä¸çˆ½, å°–å«, å’†å“®, å•Šå•Šå•Šï¼Ÿï¼, ä»€ä¹ˆçŽ©æ„å„¿ï¼Ÿï¼"
5012911314780029638.png,"å¬ä¸æ¸…, æ— å¥ˆ, å’’æœ¯å›žæˆ˜, çŒ›ç”·"
5062125214721114434.png,"æ‹¥æŠ±, é’è›™"
5071183871979028853.png,"å“­å“­, å‘œå‘œ, å¤ªæ„ŸåŠ¨, æ„ŸåŠ¨å“­, çˆ±ä½ , è°¢è°¢, ðŸ¥¹, é¸­å­, å¤ªæ„ŸåŠ¨äº†"
5089182250260496985.png,"æ±‚ä½ , æ‹œæ‰˜äº†, ðŸ™ðŸ», å…ƒç¥ž, æ±‚ä½ äº†, å¥½ä¸å¥½"
5089225290127770152.png,"å“­æ³£, ä¸å¼€å¿ƒ, å‘œå‘œå‘œ, æ³ªç›®äº†, çœ¼ç›æŽ‰å°çç äº†"
5091430777309102619.png,"ä¸å¼€å¿ƒ, å‘è„¾æ°”, å…ƒç¥ž"
5091809666439054055.png,"æˆ‘, è€å­, ðŸ˜‰, çœ¨çœ¼"
5096369019036894340.webm,"æ§è…¹å¤§ç¬‘, å•Šå“ˆå“ˆå“ˆ, ç¬‘, ç¬‘å“­"
5103119054063796920.webm,"ç›´æµå£æ°´, å¥½é¥¿, è‚šå­é¥¿, åƒä¸œè¥¿, å¥¶é¾™, é¦‹, æµå£æ°´, å¼ å¤§å˜´"
5114328948771127638.png,"å•Šå•Šå•Š, ä¸è¦å•Šï¼, éš¾å—"
5116148296917713523.png,":3, å¥¸ç¬‘, æ‹¿æ, çŒ«, >:3"
5116254940955672863.png,"å“‡~, æ˜Ÿæ˜Ÿçœ¼, å¼€å¿ƒ, ç™½æ¯›å°å¥³å­©, æ¿€åŠ¨"
5116630553025577257.png,"è·‘è·¯, é€ƒ, æºœäº†, å‘Šè¾žäº†, æ‹œæ‹œ"
5120670772926349559.png,"çº¢å¤´å‘å°å¥³å­©, æ— è¯­, æŠ¿å˜´, ä¸çˆ½"
5134136826839171947.png,"å‘œå‘œ, qwq, å¯æ€œæˆ‘, ðŸ¥º, è‡¥è ¶çœ¼, è´è¶ç»“, è€é¼ , å¯æ€œ"
5152322998270690365.png,"å‘µå‘µ, è²“ç¦çŠ, çŒ«çŒ«é²¨é±¼"
5161376900999808109.png,"è€é¼ , çžªå¤§çœ¼ç›, ä¸æ•¢çå¼€çœ¼å¸Œæœ›æ˜¯æˆ‘çš„å¹»è§‰, å¤§åƒä¸€æƒŠ, æƒŠè®¶, ç´§å¼ , ä¸æ•¢è¯´è¯, è“è‰²è€é¼ , æƒŠå‘†äº†, è€å®žäº†, è€å®ž, æ— åŠ©, çŠ¹è±«, å·²è€å®ž, å‘†ä½"
5167882543797633865.webm,"æ— è¯­, ç¿»ç™½çœ¼, æˆ‘å±Œï¼, å“Ž, æœäº†, æˆ‘åŽ»"
5167932180734673468.webm,"æ”¾å¤§æ¯”å¿ƒ, â¤ï¸, æ¯”å¿ƒ, çˆ±ä½ å“¦, çˆ±å¿ƒ"
5167957825984397829.webm,"å•Šå•Šå•Šå•Šå•Š, éœ‡æƒŠ, æƒŠå‘†, ï¼, å•Š, çŒ«, å°–å«, å‘å–Š"
5167958693567791856.webm,"å¥½å›°å•Š, ç¡è§‰äº†, åŽ»ç¡å§, æ™šå®‰, æ‡’, å¥½ç´¯, säº†, ä¸æƒ³åŠ¨"
5167970285684523595.webm,"èƒ†å°å°çŒ«, ç•ç¼©, æš—ä¸­è§‚å¯Ÿ, å·çœ‹, æŽ¢å¤´, ç´§å¼ , è¿˜å¥½å—, å®³æ€•"
5168130586748912290.webm,"æ— è¯­, å°´å°¬, å‘µå‘µ, çŒ«, ç¤¼è²Œå¾®ç¬‘"
5168185068409062171.webm,"å—¨, æ‘‡æ™ƒ, çˆ½, è¹¦è¿ª, çŽ©è€, åŽ»high, çˆ½çŽ©, å¬éŸ³ä¹, é™¶é†‰"
5168385974094267164.webm,"ç´¯æ­»äº†, å‡å¤©äº†, è¦æŒ‚äº†, ç¿»ç™½çœ¼, åŽŸåœ°åŽ»ä¸–"
5168389994183656137.webm,"è¹¦è¿ªå°çŒ«, è¹¦è¿ª, å¼€å¿ƒ, highç¿»å¤©"
5168392846041940694.webm,"å˜è„¸, åˆ«ç¬‘å“¦, ä¸¥è‚ƒèµ·æ¥"
5195221651314191918.png,"æ”¾å¼ƒ, ä¸è¡Œäº†, èººå¹³, dum, èººç€"
5195289584811915556.webm,"è„±è¡£æœ, è€å¸…, ç”·ç”Ÿ, é»‘ç™½, æ‹–å¤¹å…‹"
5197700289825620558.webm,"çŒ«meme, è·³èˆž, è‚šçš®èˆž, æ‹½, çŒ«"
5199516893488104544.webm,"å´©æºƒå¤§å“­, æ³ªæµæˆæ²³, å‘†æ¯›, éš¾è¿‡, ä¼¤å¿ƒ, å…ƒç¥ž"
5202214171604699176.webm,"ä¸å¼€å¿ƒ, å‘è„¾æ°”, ç”Ÿæ°”, å“‡å•Šå•Š, å–œæ¬¢æ¬ºè´Ÿæˆ‘, å§”å±ˆ"
5208603317709575362.png,"ä¸é”™ä¸é”™, æ¬£æ…°, çœ¯çœ¼ç¬‘, å¥½, å—¯, å¾®ç¬‘, é‡‘å‘ç”·"
5208764211479450935.webm,"ç‚¹å¤´, åŒæ„"
5211189235914117983.gif,"ç»™ä½ ,ç»™"
5215523807103565872.webm,"å¯¹è§†, ä¸æƒ³ç†ä½ , é»‘çŒ«, é»˜é»˜çœ‹ç€ä½ , è¯·ç»§ç»­è¡¨æ¼”"
5217577170838241432.webm,"ç™½çœ¼, å‘•å, éš¾å—"
5217660278455420714.webm,"å°æµ£ç†Š, è·³èˆž, å›´ç€é•œå¤´, è½¬åœˆ"
5217748226500739939.webm,"å–µ, ä¹–çŒ«, æ— è¾œ, mreow, å“­å“­, å§”å±ˆ, å“¼å”§, å“¼å“¼, å“„æˆ‘, æ— å¥ˆ, çŒ«å’ª, å«å”¤"
5219689994100151030.webm,"é è¿‘è§‚å¯Ÿ, è®©æˆ‘çœ‹çœ‹, çŒ«çŒ«å¤´, ç›¯ç€çœ‹, è¿‘è·ç¦»çœ‹"
5222427889722463681.png,"èˆ”, ä»°å¤´, å…«å­—çœ‰å¤´, åèˆŒ"
5224223186052200035.gif,"powerï¼, åŠ›é‡, å¼ºå£®, å¥èº«, è‚±äºŒå¤´è‚Œ, ç”Ÿæ°”, ç§€è‚Œè‚‰, åˆ«æƒ¹æˆ‘"
5226527551970612153.webm,"å®³æ€•, ç‹—ç‹—ç«™ç«‹, çŠ¯é”™, è§’è½"
5226746994734674777.gif,"ç¬‘å‡ºçœ¼æ³ª, ç¬‘å¾—å–˜ä¸è¿‡æ°”, ç¬‘å“­, å“ˆå“ˆ, å¤§ç¬‘, å–·æ³ª"
5228712307344819910.webm,"å¼€å¿ƒ, è“å‘å¾®ç¬‘ç”·å­©, æ’’å½©å¸¦, å½©å¸¦, å¾®ç¬‘, ç”·"
5235815444518029481.webm,"é‚¦é‚¦ç»™ä½ ä¸¤æ‹³, æä½ , ç²‰è‰²å¤´å‘å°äºº, æ‰“ä½ , æ‰“æ‹³"
5242201725879716703.png,"æˆ‘æ²¡äº‹, æˆ‘è¿˜èƒ½æ‰“, å¿å¾—ä½, æ…äº†ä¸€åˆ€, è¿˜å¯ä»¥"
5242257410130715366.webm,"å¼€å¿ƒ, ä¸€çº§æ£’, æ£’æ£’çš„, ä¼˜ç§€, ä½ çœŸåŽ‰å®³, å¥½å•Š, æ£’, èµž, åŽ‰å®³"
5242586361675927744.webm,"é›…å¡”, é—ªè€€ç™»åœº, å¥½çš„, è€¶, væ‰‹åŠ¿, yeah"
5253454269612309105.webm,"å‘•, æ¶å¿ƒ, yue, å‘•å, éš¾å—"
5254010235948909081.webm,"æ— å¥ˆ, æ— è¯­æ³°è¿ª, æ³ªæ±ªæ±ª, å“­å“­, å“¼å”§"
5260334510867763449.webm,"çŒ®å‡º, æ±—æµæµƒèƒŒ"
5260470721460582281.webm,"èººç€, æ™šå®‰, ä¸€èµ·ç¡è§‰, é‚£ç»´èŽ±ç‰¹, åŽŸç¥ž, èººåœ¨æ°´ä¸Š, å®‰è¯¦"
526235993154519697.png,"OK, å¥½çš„"
5264731496521928466.png,"ä¸‹åœ°ç‹±, é¬¼ç­ä¹‹åˆƒ, è´è¶å¿, å¨èƒ, åŽ»æ­», GO TO HELL, åŽ»s, æ»š"
5273809884859615207.png,"å¤§ä½¬, ååœ¨æ²™å‘ä¸Š, æˆ‘å¦‚ä½•å¸®ä½ , how can i help?, æˆ‘è¦æ€Žä¹ˆå¸®ä½ ï¼Ÿ, å¸…æ°”, boss"
5273811804709982368.gif,"è°¢è°¢, ä¸‡åˆ†æ„Ÿè°¢, æ„Ÿè°¢, æ„Ÿæ©, thanks, è°¢å•¦"
5274176490383100369.webm,"å¼¹ç´, å°¤å…‹é‡Œé‡Œ, å¾—ç‘Ÿ, å¼¹å‰ä»–, éŸ³ä¹"
5280573698141607344.png,"å°±å†³å®šæ˜¯ä½ äº†, æ€Žä¹ˆè€æ˜¯ä½ ï¼Ÿï¼"
5287433984978982047.webm,"æ‚²ä¼¤,é¢æ— è¡¨æƒ…"
5289862088905201398.webm,"æ‘‡å¤´, ç‚¹å¤´"
5289967233999575505.webm,"å‡‘è¿‘, æ”¾å¤§, çœ¨çœ¼, é¢æ— è¡¨æƒ…"
5289974883336329087.webm,"æ€Žä¹ˆæ ·, æ‰“æ‰“æ‰“æ‰“æ‰“, æ‹æ‰“"
5296271137888553567.webm,"å¾—ç‘Ÿ, æ‰“æˆ‘å•Š"
5301271489138398007.gif,"å˜å, å˜å¼‚, é‚ªæ¶, ç—…å˜, é’è›™, å˜è‰², å˜æ€ªå…½"
5303194032464220303.webm,"çˆ½, å¼€å¿ƒ, ç¾¡æ…•æˆ‘å§"
5303258001707110413.gif,"éª‚, æ€ªç‰©, ç€ç«, æ„¤æ€’, è„è¯, å’†å“®"
5307603537948069491.png,"e m, æ— è¯­"
5307796661152533370.png,"ç–‘é—®, ç‚¸æ¯›, ä½ åœ¨è¯´å•¥, ä½ è®¤çœŸçš„å—, ç™½çœ¼"
5314407964440794292.gif,"æ™•, å›°æ‰°, å…¬ä¸», å›°æ‰°å€’ä¸‹"
5316919347782881871.png,"å‘ƒâ€¦, æ— å¥ˆ, ç´¯, ä»€ä¹ˆï¼Ÿ, é¢, å‘†ä½"
5317040349896526843.webm,"æƒŠè®¶, å’¬ä½ , å’¬äºº, ç”Ÿæ°”"
5318812307373954060.png,"æŠ•é™, æ‹¿æˆ‘æ²¡åŠžæ³•"
5318840997755490193.png,"æ— è¯­, å‘†ç›®, æ­»é±¼çœ¼"
5318848969214792192.png,"å¨èƒ,æŠ•é™,ä¸æ•¢"
5318854475362865176.png,"æ–‡è±ªé‡ŽçŠ¬, ç»·å¸¦ç”·, æ— è¯­, å†·æ¼ , å‘œå‘œå‘œ, ç´¯äº†, å—ä¼¤"
5318860617166098398.png,"å˜¿å˜¿, é¬¼é¬¼ç¥Ÿç¥Ÿ, çž…ä¸€çž…, å°±ä¸€çœ¼"
5319143505187049326.png,"å‰¯é©¾é©¶, æ’‘å¤´ç¡è§‰, é—­çœ¼ä¼‘æ¯, å›°äº†, ç¡ç€äº†"
5319166040880451693.png,"å¾®ç¬‘, çœ‹ä¹¦, å¼€å¿ƒ, å˜»å˜», è¯»ä¹¦, å¹²å˜›"
5325547756691917816.png,"è‰¾ä¼¦, æ­£è§†åŠ è…¹è‚Œ"
5334698266120436813.webm,"Wink, æ¯”å¿ƒ"
5345813237755562265.webm,"æŠ“ç‹‚, å‘ç–¯, ç™«, å‘è„¾æ°”, ä¸çˆ½, ä¸å¼€å¿ƒ, >n<"
5348316082702666034.png,"çœ‹ä¹¦, ä¸Žæˆ‘æ— å…³, ç‹¬è‡ªå®‰é™"
534909855702450568.png,"emo, éš¾è¿‡, ä¼¤å¿ƒ, å‡†å¤‡å“­æ³£, ç»¿è‰²é’è›™, æ‚²ä¼¤"
5355303217104170967.png,"å£ç½©ç”·, çœŸçš„å¯ä»¥å—ï¼Ÿ, æ‹œæ‰˜äº†"
5363789101818455647.png,"å–œçˆ±, æ¯”å¿ƒ, å¾ˆå¤šå¿ƒ"
5364248165102918884.png,"ä¸æ¸…æ¥š, ä½ é—®ä»–, ä¸çŸ¥é“, åˆ«é—®æˆ‘, å²èŽ±å…‹, emm, æ¬²è¨€åˆæ­¢"
5368381379635581766.png,"ä¸å¥½æ„æ€, ç”»åœˆåœˆ, æŒ‡, çœ‹è¿™é‡Œ"
5368393169320818229.gif,"éœ‡æƒŠ, æ„Ÿå¹å·"
5368403447177560301.webm,"å‚»çœ¼, æˆ‘æ™•"
5368496420334617570.webm,"å‚»çœ¼, æˆ‘æ™•"
5368526601069805535.webm,"å…´å¥‹, ä½ å¥½, æŒ¥æ‰‹, å¼€å¿ƒè®¤è¯†ä½ , hi, æ‘‡æ‰‹, æ‰“æ‹›å‘¼"
5368654024159543458.webm,"å¾®ç¬‘, æ²¡é—®é¢˜, å¯ä»¥, ä½ å¥½, å¼€å¿ƒè®¤è¯†ä½ , æ¸©æŸ”ç¬‘, å¼€å¿ƒ"
5379585312928304150.png,"é¼ é¼ èƒŒå½±, èƒŒå¸¦è£¤è“è‰²å°é¼ , è½¬èº«ç¦»å¼€"
5379593958697479994.png,"å–å’–å•¡, å†·é…·, æ–œçœ¼"
5380097672461956696.png,"é»‘å‘å¸…å“¥, æ’‘è„‘è¢‹, ç›¯"
5382074469814635172.png,"å¿ƒç¢Žå°äºº, èººåœ¨åºŠä¸Šé»˜é»˜æµæ³ª, å¿ƒæ­»äº†, çœ¼æ³ªæ»‘è½åˆ°æž•å¤´, å¿ƒç¢Ž, æµæ³ª, éš¾è¿‡, ä¼¤å¿ƒ, å¿ƒç—›, å¿ƒå¦‚åˆ€å‰²"
5382188213433535803.png,"å“¦ï¼Ÿ, è¯´æ¼äº†, æ‚å˜´, éš¾é“è¯´å¯¹äº†, å“¦å¼ï¼Ÿ, ä¸å¯èƒ½, oops, è¯´é”™è¯, ä¸å¯æ€è®®"
5382284510895299967.png,"æ€€ç–‘, çŒœæˆ‘ä¿¡ä¸ä¿¡, æˆ‘æƒ³æƒ³, æ€è€ƒ, å¯¹äº†"
5384608625073334226.webm,"éš¾è¿‡, æ²®ä¸§, çŒ«, ä½ å°±å–œæ¬¢æ¬ºè´Ÿæˆ‘, æ²¡ç²¾ç¥ž, èººç€, æ— æ‰€äº‹äº‹"
5388600728455496387.png,"æ³ªæµæ»¡é¢, æ‰®å¯æ€œ, åŒæƒ…, å‘œå‘œå‘œ, æµæ³ª, 555, æ³ªç›®"
5390869570699401064.png,"å“­æ³£, ä¼¤å¿ƒ, æŽ©é¢"
5391177180552106514.png,"æ— è¯­, æ»¡è„¸é—®å·, çœ‹ä¸æ‡‚, å¥³ç”Ÿ"
5395710638792132506.webm,"å¾—ç‘Ÿ, æµª, ä¸‘é™‹èˆž, ç•¸å½¢èˆž"
5397603306325425879.webm,"ä¸çˆ½, ç”Ÿæ°”, æ— è¯­, çš±çœ‰å¤´, ç”Ÿé—·æ°”, å“¼"
5397687938655992993.webm,"å°çŒ«æ‹Ÿäºº, å“­å“­, æ— åŠ›, ç»¿è‰²å¤´å‘å°å¥³å­©"
5397833194449931612.png,"ç¬‘å“­, å’§å˜´å¤§ç¬‘, é¸¡è›‹çœ¼, ç‹‚ç¬‘"
5397922070208200185.webm,"å“‡, æ„ŸåŠ¨, éš¾è¿‡, å“‡å“‡å“‡, æ‚å˜´, ä¸å¯ç½®ä¿¡, å¯çˆ±, éº»èŠ±è¾«"
5400086630646158284.png,"éœ‡æƒŠ, ä¸‰æ¡çº¿, ä¸ä¼šå§, æ€Žä¹ˆäº†, å“‡å“¦, |^|''', æƒŠè®¶"
5404427644286540616.gif,"éš¾æ€ª, ä¸æ•¢è¨€è¯­, ä¼¤å¿ƒ, æ†‹ç¬‘, å’¬åŒæ‰‹, å“ˆå“ˆ"
5407007274658960437.png,"é¢, æ— è¯­"
5407124720539676485.png,"èƒŒç€è¡Œå›Šçš„èš‚èš, è‹¦æ¶©, ç¦»å®¶å‡ºèµ°, è´Ÿæ‹…å¾ˆé‡, carryä¸äº†, åŽ‹åŠ›å¤ªå¤§, ç…Žç†¬çš„æ—¥å­"
541175087705898939.png,"å¾®ç¬‘, çˆ±å¿ƒ, å¼€å¿ƒ, çˆ±ä½ , æ‰‹æŠ±è„¸"
541175087705898961.png,"ä¸ç®¡ä¸é¡¾, damn, å°å¥³å­©å¹æ°”"
541175087705903954.png,"å“¦, ç›’å­, å“­å“­, å“¼å”§"
541175087705903995.png,"æ²¡äº‹,å®‰æ…°"
5413665049493387814.webm,"åçƒŸåœˆ, å¸çƒŸ, æŠ½çƒŸ, æ„"
5413697145783989344.gif,"å¤´æ™•ç›®çœ©, è½¬ä¸åŠ¨äº†"
5418158860890292859.webm,"å¤ªæ£’äº†, èµž, åŽ‰å®³, é¼“æŽŒ, çœŸæ£’"
5420297801848334827.png,"å®³ç¾ž, æ–œè§†, å˜¿å˜¿, å˜»å˜», OvO"
5425131113230116238.gif,"éš¾è¿‡, ç—›å“­æµæ¶•, æ³ªæ°´æˆæ²³, å®‰æŠšè‡ªå·±, å®‰æ…°è‡ªå·±, æ³ªæµæˆæ²³, ä¼¤å¿ƒ"
5429618477881104725.png,"å•Šå•Šå•Šå•Šå•Š, a a a a a, å¤§åƒä¸€æƒŠ, å‘ç‹‚, Aaaaaaaaaa, æ€Žä¹ˆåŠž"
5433703039024249379.webm,"ä½œæ³•,æ–½é­”æ³•,åŽŸç¥ž"
5438104418429975563.webm,"ä¸ä¼šå§, æ„ŸåŠ¨, å¿ƒ, å–œæ¬¢, æƒ³è¦, å¼€å¿ƒ"
5440446687434778250.webm,"æš—ç¬‘,å¥¸ç¬‘"
5440460933841299887.webm,"çœ¨çœ¼, å¾®ç¬‘, å¯¹"
5440500112532972502.webm,"åƒç“œ"
5442762409246729110.webm,"ä¸‹é›¨, å‘å‘†, æ„Ÿå—, å¿§æ„, èµé›¨, é»‘é•¿ç›´"
5447207455584962337.webm,"å’†å“®, å¤§å«, æˆåŠŸäº†, å¦¥äº†, æˆäº†"
5451849821310693879.webm,"æ»¡è¶³, å¯çˆ±, å¥½åƒ, å’ªå‘€å’ªå‘€, åƒé¥±äº†"
5451857505007185450.gif,"å¥½, çœŸæ£’, ç«–æ‹‡æŒ‡, åŽ‰å®³, è¶…èµžï¼"
5453986301252482012.webm,"åœ°ç‹±ç¬‘, é»‘äºº, æ²¡æ†‹ä½, ç¬‘æ­»äº†, å“ˆå“ˆ, ç¬‘säº†"
5454124504710136886.webm,"hi, ä½ å¥½, æŒ¥æ‰‹, æ‰“æ‹›å‘¼"
5454148444857835100.webm,"ä¹–å·§çŒ«, æ–¯æ–‡çŒ«"
5454268948755269027.png,"åšå®š"
5454378350162233008.png,"æ€è€ƒ,æ— å¥ˆ,æ— ç¥ž"
5456468495996820995.webm,"ä»°è§†, é¢¤æŠ–å°çŒ«, æ³°å±±åŽ‹é¡¶, å‘ç™«, å‘ç‹‚, çˆ½ç¿»å¤©, å…´å¥‹, è‚šçš®èˆž"
5456543331506986617.webm,"å•Š, æ²¡å‡†å¤‡, çªè¢­, å·è¢­, æ„æ–™ä¹‹å¤–, é˜²ä¸èƒœé˜², çŒ«"
5458446053558728885.webm,"éº¦å½“åŠ³å°çŒ«, é»‘ç™½å¥¶ç‰›çŒ«, ç›¯, éº¦å½“åŠ³"
5458475809092155697.webm,"å˜»å˜», ä½ æ‡‚çš„, æŸ¯åŸºçŠ¬, æŸ¯åŸº, ç¬‘, å¯†è°‹å¾—é€žçš„ç¬‘, é‚ªé­…æŸ¯åŸº"
5458573347799448951.webm,"æˆ´è€³æœº, ä½ å¬å¬, è¢«è¿«è¥ä¸š, çŒ«, å¼ºåˆ¶æ€§, é€¼å¬"
5458641088023641504.webm,"ç­‰é¥­å°çŒ«, å•¥æ—¶å€™å¼€é¥­, çŒ«çŒ«æ‘‡æ™ƒå°ç¢—, è¦åƒé¥­, å¹²é¥­"
5458718040952684027.webm,"happy happy happy, å¼€å¿ƒ, çŒ«, å˜»å˜», å“ˆæ‰¹å“ˆæ‰¹å“ˆæ‰¹, å“ˆå•¤å“ˆå•¤å“ˆå•¤, è·³èˆž"
5458720295810512567.webm,"æ‰“ä½ , æä½ , æ¬ æ‰“, è€æ¬ºè´Ÿæˆ‘, æ¬ æ, å†è¯´, çŒ«, è¿˜è¯´, åŽ»æ­»"
5458762214691322011.webm,"å¼€å¿ƒ, æ‘‡å±è‚¡, ç‹—, çˆ½high, æ‰­å±è‚¡, å‚»ç‹—, å¥½å¼€å¿ƒ, è·³èˆž"
5458764585513270764.webm,"æŠ“ç‹‚, æ•‘æ•‘æˆ‘, ç—›è‹¦, å•Š, ï¼, æ€Žä¹ˆåŠž, ç³Ÿç³•, çŒ«, æ‚ä½è€³æœµ, å´©æºƒ, æ‚å¤´, å•Šå•Šå•Šå•Š, ä¸å¬ä¸å¬"
5458853461271525655.webm,"å¤©å•Š, ï¼, å•Š, æ€Žä¹ˆåŠž, éœ‡æƒŠ, ä¸ä¼šå§, çŒ«, å•Šå•Šå•Šå•Š, æŠ¬å¤´æœ›å¤©, å´©æºƒ"
5460669313314724334.webm,"å¿«ä¹, åƒ, å¾—ç‘Ÿ, å¼€å¿ƒ, ä¸å¼ å˜´ç¬‘, çœ‹çƒ­é—¹, ç¬‘"
5460692424533757643.webm,"å°çŒ«å—…å—…, é—»é—», å¥½é¦™, å—…, é—»"
5460925671322687118.webm,"ä¼‘é—², çŒ«çŒ«, æ‰“å“ˆæ°”, æ­ªå¤´"
5461106128668604900.webm,"å·å·çœ‹, å°å¿ƒç¿¼ç¿¼, ä¾§è„¸çœ‹"
5461114808797502677.webm,"å¿ä½, åˆ«å–·, æŽ§åˆ¶, å†…æŽ§, æ‰‹æŠ–, å–èŒ¶"
5463327077732205953.png,"å†·æ±—, æƒŠæ, å©‰æ‹’, é»‘è‰²æŒ‘æŸ“"
5463401917537338296.png,"å¢¨é•œ, é…·, å¸…, è€é…·, æœ‹å…‹æ‰‹åŠ¿, å¥³ç”Ÿ"
5465545351031172527.webm,"è¿·èŒ«, ï¼Ÿ, ç–‘æƒ‘"
563108579448455596.png,"ç¡®å®šå—, è¯´ä»€ä¹ˆ, å†è¯´ä¸€é, æ‹‰ä¸‹å¢¨é•œ, å¾—ç‘Ÿ, æŽ¨å¢¨é•œ"
569118802063655903.gif,"å“­ç¬‘ä¸å¾—, é’è›™"
569118802063656024.gif,"æ³ªæµæ»¡é¢, é’è›™, ç»¿é’è›™, å“­äº†"
575666406691967024.gif,"ä¼¸èˆŒå¤´, è°ƒçš®, ç•¥ç•¥ç•¥, å˜¿å˜¿å˜¿, å˜»å˜»å˜»"
575666406691967029.gif,"ä¼¤å¿ƒ, éš¾è¿‡, éš¾è¿‡å€’åœ°, å“­, éš¾å—"
575666406691967033.gif,"è·³èˆž,æ‰“æ°”"
575666406691967034.gif,"éš¾è¿‡åˆ°æ”¾å±, æ”¾å±, å˜¿å˜¿"
575666406691967047.gif,"ç©ºé—², æŒ èƒ¸å£, æŒ ç—’ç—’, ç™½è‰²å°äºº"
575666406691967069.gif,"æ„Ÿè°¢, ä¹–å·§, thank you, è°¢è°¢ä½ , ç™½é¦’å¤´"
576081150208901458.png,"æ±‚ä½ äº†, æ‹œæ‰˜äº†, éº»çƒ¦äº†, ç‰›é©¬äººç”Ÿ"
576081150208902926.png,"é¥¿äº†,é¦‹"
5764709378183664220.webm,"æ— è¯­å‡å™Ž, å§”å±ˆ, æ³ªæµæ»¡é¢, å“­"
5764919707027115028.png,"å˜»å˜», å‘µå‘µ, è¯´å¯¹äº†, çŒœåˆ°äº†"
5764969210820169448.png,"å–å¥¶èŒ¶, æ— èŠ, åŽŸç¥ž, å’•å™œå’•å™œ, å…ƒç¥ž"
5767102271967989613.png,"è®°å½•, è®°ç¬”è®°, ä¼é¹…"
5767276252503215601.webm,"ç»™ä½ ä¸€æ ¹çƒŸçš„æ—¶é—´, å±•å¼€è¯´è¯´, æŠ½çƒŸ, ä¼‘æ¯"
5771429026316946249.webm,"éœ‡æƒŠ,æžç«¯äº†"
5771621569700827976.webm,"æƒŠé†’, çµæœºä¸€åŠ¨, æƒ³åˆ°äº†, æ‡‚äº†, æžæ˜Žç™½äº†"
5773875877775411911.webm,"å¼€å¿ƒ, å—¨, è¹¦è¹¦è·³è·³, è¹¦è¿ª, çŽ©è€"
5773950464177474520.webm,"å°çŒ«, æŽä½, é—­çœ¼, å‡¶å·´å·´, å°çŒ«å’ª, äººæ‰‹, çŒ«åäººå"
5778208623603749670.webm,"å“¥å°±æ˜¯å¸…, å¢¨é•œ, éª„å‚², æˆ´å¢¨é•œ, è€é…·"
5778383067995443756.webm,"ä¹–å·§, æ˜¯æˆ‘, æœ‰ç¤¼è²Œ, æŒ‡å‘æˆ‘"
577913907243385218.png,"å¼€å¿ƒ,ç¬‘"
5780456523587129501.png,"æ»¡è¶³, å¹¸è¿å…‰çŽ¯, çœ¯çœ¼ç¬‘"
5780613105209839806.webm,"æ— å¥ˆ, å®å®æ— è¯­, æ‰¶é¢, å“Ž, å¹æ°”, çƒ¦"
5780745141094453160.webm,"å†è§, è·³æ¥¼, ç¦»å¼€, goodbye chat, è·³ä¸‹åŽ»"
5780782030568559122.png,"å“Ž, å¾ˆçƒ¦, çƒ¦säº†, ä¹±ç³Ÿç³Ÿ, åˆšç¡é†’, çƒ¦, ä¸çˆ½, å‘æ¯›"
5782720353604209195.webm,"ç‚¹å¤´, ä¹–å·§"
5784894547653824381.png,"éœ‡æƒŠ, çå¤§çœ¼ç›, çž³å­”åœ°éœ‡"
5791831886204505987.webm,"åˆ«å¼„æˆ‘ç”Ÿæ°”å“¦, è¦å‘è„¾æ°”äº†, é©¬ä¸Šå‘è„¾æ°”äº†, æ‰‹å‰è…°, ç›¯, å“¼"
5792049065520794365.gif,"æ‚„æ‚„é€€ä¸‹, æºœäº†, èµ°äº†, å†è§, èŠ­è•¾, ç™½è‰²å°çŒ«, é€€åœº"
5798450125864962790.png,"å†™ç¬”è®°, è®°å½•, é’è›™"
5801038449251190947.png,"å¾®ç¬‘,ä½ æ‡‚çš„"
5803327645345122600.png,"å°„ç®­"
5805196810817375697.webm,"å°çŒ«, è¹¦è¿ª, å¼€å¿ƒ, highçŒ«, çŒ«çŒ«è¹¦è¿ª, æŽ¥ç€å¥ä¹æŽ¥ç€èˆž, åŠ¨æ¬¡æ‰“æ¬¡"
5805197489422209987.png,"é—ªè€€ç™»åœº, æ¥äº†, åˆ°äº†, å‡ºçŽ°äº†, å…ƒç¥ž, æˆ‘æ¥äº†"
5810139162828870050.png,"æ»¡æ„, å¼€å¿ƒ"
5812282879790553101.png,"æŠ±è‡‚èµ°è·¯, å¤´é¡¶è¡ŒæŽ, è½»è½»æ¾æ¾, åŽ‹åŠ›, ç”Ÿæ´», éš¾é¡¶"
5812316810032188260.png,"çœŸçš„å—ï¼Ÿ, æ˜Ÿæ˜Ÿçœ¼, å´‡æ‹œ, çœŸçš„å—, å¥½æ£’, å“‡å¡ž, å¤ªåŽ‰å®³äº†, å“‡å‘€"
5816832302424004647.png,"éš¾è¿‡, ä¼¤å¿ƒ, çœ‹åœ°ä¸Š, å§”å±ˆå®å®, ç²‰å‘, å°çç , å®³ç¾ž"
5821421762742587183.png,"å¼€å¿ƒ, å¤§ç¬‘, å¯çˆ±, çˆ±å¿ƒ, å¾®ç¬‘, ä½ å¥½, å¥³ç”Ÿ, å…ƒç¥ž"
5823495132434926545.webm,"å›°, é»„è‰²çŒ«å’ª, èººåœ¨åœ°ä¸Š, æƒ¬æ„ç¡è§‰, æ‘Šå¼€"
5825492498385998298.png,"ç›¯ç€,åœ¨å¬"
5825925405319631300.webm,"ä¸çŸ¥é“å•Š, æ— æ‰€è°“, éƒ½å¯ä»¥"
5825967994215339973.webm,"å“­èŠ±è„¸, å¤ªè®©äººä¼¤å¿ƒäº†, ç¾žæ„§çš„å“­, é˜¿å°¼äºš, å“­, éš¾è¿‡, ä¼¤å¿ƒ, æµæ³ª, æ³ªæµæ»¡é¢"
5836732294655642795.gif,"é¬¼è„¸, å‚»å­, ç™½è‰²å°ç†Š, æ¯”é¬¼è„¸, æˆ³å˜´è§’"
5836790306778910167.webm,"åƒè‹¹æžœ, ä½ è¯´æˆ‘å¬, åƒå¾—åˆ°å¤„éƒ½æ˜¯, åš¼, åƒ, åƒæ°´æžœ"
5836935807385996902.webm,"å¨å¨å¨, å–é…’, åŽŸç¥ž, å¥½å–, ç¾Žå‘³, å¯å£, çˆ½, å¼€å¿ƒ, å¹²äº†"
5841543255027617154.png,"æ†‹ç¬‘, è®¤çœŸçš„å—, ä¸æ˜¯å“¥ä»¬, ææ…Œ"
5850627557535258354.png,"ä¼é¹…,noot your day"
5852464588062199730.webm,"æŽ¢å¤´, æ€Žä¹ˆäº†, å¥½å¥‡, å…”å­"
5852497380137505010.webm,"+1, æ•°æ•°, æ‰£1, æˆ‘ä¹Ÿæ˜¯, åŠ ä¸€"
5852535798619967432.webm,"ä¸è¦, ç–¯ç‹‚æ‘‡å¤´, ä¸, ä¸è¡Œ, æ‹’ç», é¼“æŽŒ, åŽ‰å®³, çœŸæ£’"
5852558123859972313.webm,"æŠ¹æ³ª, ä¼¤å¿ƒ, å“­æ³£, æ“¦æ³ª"
5852610449446540005.webm,"å˜˜, å®‰é™, å°å£°, ðŸ¤«"
5852718192996126562.png,"å¯çˆ±, å¥³ç”Ÿ, ä¾§è„¸, ç¬‘, ç”°å›­é£Ž, æ˜Ÿæ˜Ÿ"
5852747570572431294.webm,"ä¸æ»‘, éª‘è½¦, æ¥äº†æ¥äº†, åœ¨è·¯ä¸Šäº†, é©¬ä¸Š, ç­‰ç­‰æˆ‘"
5852749413113401777.webm,"çªçªçª, æ‰“æžª, çŽ©è€, çŽ©æ°´æžª, çªçªçªæ‰“ä½ "
5852767194278006492.webm,"åˆ’èˆ¹æ¥, æ¥äº†, åœ¨è·¯ä¸Š, åˆ’èˆ¹, çŽ©è€, æ¥äº†æ¥äº†, åœ¨è·¯ä¸Šäº†"
5852781784281910879.webm,"æ‚²ä¼¤é€†æµæˆæµ·, éš¾è¿‡, è¶´äº†, å¿§éƒ, æ³ªæµæˆæµ·, ä¼¤å¿ƒ"
5852829063281906096.webm,"èººå¹³, å€’åœ°, åšæ¢¦, çµé­‚å‡ºçª, é—ªè€€ç¦»åŽ»"
5852839306778905989.webm,"æ— åŠ©, é›¨ä¸­å‚»ç­‰, ä½åœ¨é›¨é‡Œ, éš¾è¿‡, ä¼¤å¿ƒ, å€¾ç›†å¤§é›¨, æ·‹æ¹¿äº†, è½æ±¤é¸¡, å‘œå‘œ, éš¾å—"
5852864054380465145.webm,"ç¢°æ¯, å¹²æ¯, å¤ªæ£’äº†, èµž, æ£’æ£’çš„, ä¸é”™å˜›, å¹²å¾—å¥½, åˆä½œæ„‰å¿«, ðŸ»"
5852888995255553464.webm,"åå¼¹, æŒ¡ä½, é®æŒ¡, æ²¡å½±å“, æ²¡æˆåŠŸ"
5852905767102844754.webm,"æ‰“å–·åš,æ„Ÿå†’äº†"
5854781082968265235.webm,"å‡»æ¯™ä½ , å°±ä½ äº†, é€‰ä½ , ðŸ«µ"
5854898052107602741.gif,"å¼€å¿ƒ, åƒç“œ, é’è›™, å˜»å˜»å˜», å˜¿å˜¿å˜¿, å¾—æ„, æš—è‡ªçªƒå–œ"
5854931419708527421.webm,"æ€è€ƒ, çŒ«çŒ«, çŒ«çŒ«æ‰˜è…®"
5855039412366217922.webm,"ç¬‘è¯,è·³èˆž"
5856979925835190359.webm,"æŸ¯å—è¡Œä¸º, é•¿é«˜, æŸ¯å—, å˜å¤§"
5857409860651452966.gif,"è´±, é‚ªæ¶, åç¬‘, æ–œçœ¼, æœ‰é˜´è°‹, å¯†è°‹, ä¸æ€€å¥½æ„"
5859302364975991253.gif,"å˜»å˜», å¥¸ç¬‘, ç¬‘åˆ°æµæ³ª, å“ˆå“ˆ, ç»¿è‰²é’è›™, æ”¾å¤§ç¼©å°, ðŸ˜‚"
5859484179531567872.png,"OMG, æˆ‘çš„å¤©å•Š"
5859629478275188680.gif,"å“­ç¬‘ä¸å¾—, ç¬‘, é’è›™, ç¬‘åˆ°æµæ³ª, éš¾å—"
5859685944210230134.gif,"å–èŒ¶, è§‚å¯Ÿ, é’è›™"
5861438415421051762.png,"NOOT NOOT, æ¥, çœ‹è¿‡æ¥, æ•²é”£æ‰“é¼“"
5861775544583980877.gif,"å“ˆå“ˆå“ˆå“ˆ, å¼€å¿ƒ, å¤§ç¬‘, å“ˆå“ˆå“ˆ, é«˜å…´"
5861952746344682376.png,"æžªå‡», ä¸è¦åŠ¨, ä¼é¹…"
5864104271556906185.gif,"åƒä¸œè¥¿, åƒè‰"
586949487642018135.png,"ä¹–å·§, æ— è¯­, ç¿»ç™½çœ¼"
5870474025884455008.webm,"æ‰­è…°, å¼€å¿ƒ, åŠ æ²¹æ‰“æ°”, æ‹‰æ‹‰é˜Ÿ, å°ç‹—"
5870571397088022977.png,"NOOT NOOT, å†°å¤©é›ªåœ°"
5870577599020797507.webm,"è°¢è°¢, éž èº¬, å°ç‹—"
5870915767565814849.gif,"æŒ‘çœ‰, å–èŒ¶, åŽŸç¥ž"
5872754361460855082.webm,"å¿ƒç´¯,äº‹å¤š"
5872853171478466935.png,"å¾®ç¬‘, å¯çˆ±, ä¸‡å¶"
5873039955311202770.png,"ç»™ä½ ï¼, åŽŸç¥ž, å¯çˆ±, å°±å†³å®šæ˜¯å®ƒäº†, ç»™ä½ "
5877707339221438501.png,"ç‚¸å¼¹, ææ€–"
5881881686655897918.png,"å¥½ä¸å¥½, é»‘å¤œçŒ«å’ª, è‚©è†€ä¸Š, æ¨¡ç³ŠçŒ«å¤´"
5886520496148713233.png,"å•Šï¼Ÿï¼, éœ‡æƒŠ, æˆ‘æ™•, æƒŠè®¶"
5891212022070119451.png,"ç»™ä½ èŠ±èŠ±, å¾®ç¬‘, Qç‰ˆç™½æ¯›, é€èŠ±, ç»™èŠ±, å…ƒç¥ž"
5892971219199726149.png,"éƒ½å¸‚ä¸½äºº, èŒä¸šè£…ç™½å‘, å¾®ç¬‘, èŒä¸šå¥³, ä¸“ä¸š"
5892986212930556325.webm,"ä¸æƒ³çœ‹, å“Žå‘€, ä¸å¥½æ„æ€, éƒ½æ€ªæˆ‘, ä¼¤è„‘ç­‹"
5893164806260659669.webm,"å‡æœŸ, å–æ¤°æ±, æ‘‡æ‘†, çŽ©è€, è¹¦è¿ª"
5893206673601862277.webm,"é€—ä½ , åœ¨å—, æŽä½ , æ”»å‡»ä½ , æˆ³ä½ "
5893239826454417786.webm,"å—¯å—¯, ç‚¹å¤´, èµžåŒ, æˆ‘ä¹Ÿè¿™ä¹ˆè§‰å¾—, åŒæ„, ä½ è¯´çš„å¯¹, æ˜¯çš„, æ²¡é”™, å¯¹, å…”å­"
5893274499725397926.webm,"æ‹¿å§, æŠ¢é’±, å¥½å‘, take my money, é’±, æ‹¿èµ°"
5893293483480846389.webm,"é¼“æŽŒ, æ‹æŽŒ, ðŸ‘, æ£’æ£’çš„, å¥½èµž, èµž, å¯ä»¥çš„, å“‡å¡ž, å¥½åŽ‰å®³, æ‹æ‰‹æŽŒ, çœŸæ£’, åŽ‰å®³"
5895305392191181394.webm,"å¹æ°”, é»„å¸½å­, å“Ž, å¥½å§, å‹‰å¼º"
5895692132521349311.webm,"ç™½æ¯›, æŒ‡äººå¤§ç¬‘, å“ˆå“ˆå“ˆ"
5897729738021016380.png,"åƒè›‹ç³•, å†·æ¼ , åŽŸç¥ž"
5899831836749598966.webm,"å¾—ç‘Ÿ, è·³èˆž, å¼€å¿ƒ, åº†ç¥, å—¨èµ·æ¥"
5900165130506736614.png,"å†·é…·, å¸…æ°”, åŽŸç¥ž, é»‘è‰²æŒ‘æŸ“"
5900234928020263880.webm,"æ”¶äº†ä½ è¿™å¦–æ€ª, å›žæ¥å§ä½ "
5901988597526958014.webm,"æ¶é¾™å’†å“®, å¨èƒ, æ‰“å–·åš, ç”Ÿç—…äº†, æ„Ÿå†’"
5902138311496961471.webm,"å¼€å¿ƒ, æœŸå¾…, å“‡å¡ž, æ£’, ä¼˜ç§€, åŽ‰å®³, èµž, é—ªè€€"
5902399582947511845.webm,"ç¿»æ»š,æ— èŠ"
5904354244038758803.webm,"å“ˆæ°”, æ‰“å“ˆæ¬ "
5904476457333166405.webm,"å¹²æ´», å·¥ä½œ, å¿™, è®¤çœŸ, å¼€å·¥, ç”¨ç”µè„‘"
5904737114603392552.webm,"å“Ž, å¹æ°”, åæ°”"
5906490874304400689.webm,"åŠ æ²¹, å¹²å·´çˆ¹, åŠ æ²¹ï¼, å¥¥åŠ›ç»™, figting!"
5906757196636490844.webm,"ç´¯å€’äº†, èººå¹³, ç´¯, å€’ä¸‹, åŠ¨ä¸äº†"
5906877382706334943.webm,"10åˆ†, æ»¡åˆ†, æ»¡æ„, ååˆ†ï¼, çœŸæ£’ï¼, è¶…èµžï¼, åŽ‰å®³ï¼"
5906916363829513720.webm,"å®‰æ…°, æ²¡äº‹, æ‹æ‹"
5909118926138117757.webm,"ä¸¾ç™½æ——, æ”¾å¼ƒ"
5911124203418948287.png,"å¹å£å“¨, å¬æˆ‘å£ä»¤, å…ƒç¥ž, å¹å“¨å­"
5913347312851095087.png,"æ„ä¼š, èƒ¡æ¡ƒ, æŠ¿å˜´å¾®ç¬‘, åŠè¾¹ç¬‘"
5913466923395321776.webm,"æ¿€åŠ¨, æ‰‹èˆžè¶³è¹ˆ"
5913575714916929919.png,"å®‰é™, ç­‰å¾…"
5915590363816397427.webm,"åŒæ„, ä½ è¯´çš„ä¸é”™, å¤§ä½¬ç‚¹å¤´, æ˜Žç™½äº†, æžæ‡‚äº†, è¡Œäº†, å¯ä»¥, ä¸é”™, æˆ‘æ‡‚äº†"
5915732643198012618.webm,"æ‹œæ‹œ, å†è§, å‘Šåˆ«, èµ°äº†"
5917795060723747611.webm,"ä¸€çº§æ£’, æ£’æ£’çš„, ç«–å¤§æ‹‡æŒ‡, ðŸ‘ðŸ», ç«–æ‹‡æŒ‡, èµž, æ£’, å…”å­"
5917981522433937575.webm,"æ‚ å“‰, å–èŒ¶, è½»æ¾, èˆ’æœ, æ”¾æ¾, èººå¹³, å…»ç”Ÿ"
5918108065055378603.webm,"ä¸ºä»€ä¹ˆ, é—®å·, ï¼Ÿ, å›žç­”æˆ‘"
5918135685990059497.webm,"æ‘‡å¤´æ™ƒè„‘,æ¤°å­æ ‘,æ¤°è›‹æ¨¹"
5918223801539103924.webm,"è¯¶ï¼Ÿ, è½¬å¤´çœ‹, æ€Žä¹ˆäº†ï¼Ÿ, ä»€ä¹ˆæƒ…å†µ, é»‘å‘ç”·, ï¼Ÿ, æˆ‘è¯·é—®å‘¢ï¼Ÿ, é—®å·, å¹²å˜›"
5920439850045018016.webm,"å—¯, å¥½, å“¦, å—¯å—¯, æ— å¥ˆ, ç‚¹å¤´, å¥½å§"
5922255337016003283.png,æ‹¿æˆ‘çš„é’±
5924616383617829814.webm,"å“­å“­, æ“¦çœ¼æ³ª, å§”å±ˆ"
5924964821429651550.gif,"æ’’å¨‡, å¥½å˜›, ç­”åº”æˆ‘å˜›, ç­‰å¾…, æ— èŠ, èººç€, æ‰­åŠ¨, é»„åž«å­"
5929305689041145428.png,"ä¸€æŸå…‰ç…§äº®, è´µå¦ƒèºº, ç›–æ ‘å¶Qç‰ˆå°äºº"
5933850146692401849.gif,"å–é¥®æ–™, ç­‰å¾…, å¥½æ»´, æ²¡é—®é¢˜, å¯ä»¥çš„, ç™½è‰²å°ç†Š, å–å¥¶èŒ¶, æŠ±ç€å–å¥¶èŒ¶"
593535622421938286.png,"å¥½å†·, æ— åŠ©, å—ä¼¤, éš¾è¿‡, å›°, çä¸çœ‹çœ¼, è£¹æ¯¯å­, åŠ è²çŒ«, æ²¡ç¡é†’, çŒ«å’ª, è£¹è¢«å­"
5935860968776010451.webm,"è€å¹´è¡¨æƒ…åŒ…, è¡¨ç™½, åœŸå‘³æƒ…è¯, be my wife, å«ç»™æˆ‘"
5938203044507289703.gif,"æ—‹è½¬, å¼€å¿ƒ, å¤ªæ£’äº†, å˜»å˜», çœŸåŽ‰å®³, æŠ±æŠ±, è½¬åœˆåœˆ, çŽ©è€"
5942635047029837738.png,"æŠ½çƒŸ, æ‹½"
5947355366411995366.png,"å¾®ç¬‘, æŠ±è‡‚, å¯çˆ±é©¬å°¾å¥³å­©"
5951893192633748300.webm,"æ‰“æž¶,æš´åŠ›è¡Œä¸º"
5954169048559259089.png,"åŒ…è¢±"
5958821670666899521.webm,"ç«–æ‹‡æŒ‡, æ£’, èµž, ä¼˜ç§€, åŽ‰å®³, å¯ä»¥çš„, è¡Œ, æ²¡é”™, å¥½, å¯¹, èµžèµžèµž, æ¯”èµž, ç™½è‰²çš„åŠ¨ç‰©"
5960880111052917681.webm,"å…´å¥‹, è¹¦è¹¦è·³è·³, å¼¹å¼¹, ç™½è‰²å°ä¸œè¥¿, åå¤å¼¹å¼¹"
5967454280053952396.png,"å–å•¤é…’, èšé¤, å€¾å¬"
5967494347803856223.png,"æŠ±æŠ±ä½ , å°çŒ«ç›¸æ‹¥, åˆ«æ€•, æŠ±æŠ±, åˆ«éš¾è¿‡, æœ‰æˆ‘åœ¨å‘¢"
5967762602871231222.webm,"å‘å·¦çœ‹, çœ¨çœ¼, çœ‹çœ‹, å—¯ï¼Ÿ"
5969759543620538230.png,"æœŸå¾…, æ­£ä¹‰å‡›ç„¶, ä¸¥è‚ƒè„¸"
5969768352598463226.webm,"ç•¥ç•¥ç•¥, å…ƒç¥ž, é¬¼è„¸"
5969784454430855433.webm,"å®å®éš¾è¿‡, åšå¼º, æ³ªæµæ»¡é¢, éš¾è¿‡, å§”å±ˆ, ä¼¤å¿ƒ, å®å®, æµæ³ª"
5972058394800950772.webm,"æˆ‘æ¥å’¯, å‘ä½ è·‘æ¥, å¯çˆ±, æŠ±ç€çŽ©å¶, å”±æ­Œ, èµ°è·¯, å¼€å¿ƒ"
5972170806979989411.webm,"åƒ, èƒ–å˜Ÿå˜Ÿ, å¯çˆ±, é¦‹, å…¨åƒè¿‡, å¡žè¿›å˜´é‡Œ, å…ƒç¥ž"
5972193694860710794.webm,"æ²‰æ²¦, å¹²é¥­, å’€åš¼, åƒé¥­, é¦‹, æ°é¥­, ç–¯ç‹‚åƒ"
5974385150383886758.webm,"æœŸå¾…, å‡è§†"
5981293304631790248.gif,"æ— å¥ˆ, ä¸æƒ³å¹², æŠ—æ‹’, qwq, ww, çˆ¬, æ¥äº†"
5985524770836320062.webm,"æ— è¯­, æ— è¯å¯è¯´, å°å­©, å¤¸å¼ , æ»¤é•œ, å¤–æ˜Ÿäºº"
5985741675274703134.webm,"åˆ«éª‚äº†, æ‚è€³æœµ, è„‘å£³ç–¼, æ¼«å¼æµæ³ª, å‘œå‘œ, éš¾å—, ä¼¤å¿ƒ, æ³ªç å­, å…ƒç¥ž, å¤´ç—›"
5992460172356750365.webm,"å“‡å“¦, æ˜Ÿæ˜Ÿçœ¼, è¿™ä¹ˆå·§, æ‚å˜´"
5996599923829639470.png,"ä¹°ï¼, å‘å‡ºæœ‰é’±äººçš„å£°éŸ³, ç›´æŽ¥è´­ä¹°, è´­ç‰©"
5999165891911094071.png,"æ»¡å¤´å¤§æ±—, ç´§å¼ , æ±—, æµæ±—"
5999219660606672937.png,"å¥¸ç¬‘,ä½ ç®¡æˆ‘"
6008122006824815192.png,"å¥½æ»´, å¼€å¿ƒ, ç‹—ç‹—æ‹Ÿäºº, é«˜å…´"
6017056805815849715.png,"å¯çˆ±, ä¸€è„¸å¤©çœŸ, èŒèŒçš„, æ‰˜è…®, æœŸå¾…, ç­‰å¾…, æœŸæœ›, å‘å‘†, æƒ³ä¸œè¥¿"
6021546734562314627.png,"æ°”é¼“é¼“, ç”Ÿæ°”, æ†‹å˜´, ä¸å¼€å¿ƒ, èµŒæ°”, å“¼"
6021762921741160222.webm,"ç¡¬æ’‘, å‚»ç¬‘, ä¸é”™å“¦, å¥½æ£’, ä¼˜ç§€"
6025901998904185605.webm,"å˜¿å˜¿,è€å¸…"
6026226956129801290.webm,"å‘²ç‰™, å˜¿å˜¿, å˜»å˜»"
6028510268118535109.png,"å§”å±ˆå·´å·´, éš¾è¿‡, æ— åŠ©, å¯æ€œ, å°å¥³ç”Ÿ, å¯æ€œå·´å·´, å°çŒ«å¥³"
6030813921072386855.gif,"è¶´æ¡Œå­, æ— èŠ, åœ¨å¹²å˜›å‘¢, æ— æ‰€äº‹äº‹"
6032801657706777106.gif,"è¹¦è¹¦è·³è·³, å¼€å¿ƒ, å…”, è€¶, å˜»å˜», å…´å¥‹, çˆ±å¿ƒ, çˆ±ä½ å“¦, æ¯”å¿ƒ"
6034983161790729959.webm,"å“­, å‘œå‘œ, éš¾è¿‡, å®å®å“­äº†, å°±æ˜¯å–œæ¬¢æ¬ºè´Ÿæˆ‘, å§”å±ˆ, å¯æ€œå·´å·´, æµæ³ª, å“­æ³£, ä¼¤å¿ƒ, éš¾å—"
6037184615997770340.webm,"å“­æ³£, éš¾è¿‡, æœ‰è‹¦è¯´ä¸å‡º, é»‘äºº, æ³£ä¸æˆå£°"
6037291981590236826.webm,"æ‹¥æŠ±, å°å­©, å¼€å¿ƒ, å¤§å¤§çš„æ‹¥æŠ±, è§åˆ°ä½ å¾ˆå¼€å¿ƒï¼"
6041608556866701908.webm,"å®³ç¾ž, å“‡å•Š, å€’åœ°æ‰“æ»š, ç™½è‰²å°çŒ«"
6041897724129839930.webm,"å¤§è„š, æ”¾æ¾, å•¦å•¦å•¦, å™¼é‡Œå•ªå•¦, è½»æ¾"
6041915750107580802.webm,"å–èŒ¶, ä¼‘æ¯, å“ˆ~, æ”¾æ¾, å“ˆï½ž"
6046226823530941304.webm,"æˆ‘åœ¨çœ‹ç€ä½ , æˆ‘åªèƒ½åœ¨é—¨å¤–, ðŸ‘€, ç›¯ç€, å·çª¥, å©´å„¿å·çª¥"
6046452773170449406.webm,"å¹æ°”, å¸çƒŸ, å“Ž"
6046468071843957434.webm,"ä½ ç¡®å®šå—, ç–‘æƒ‘, é¢, å‘ƒ, æƒŠè®¶"
6046560422230756258.webm,"ä¸€è·ƒè€Œä¸‹, æ©˜è‰²çŸ­è£¤å°å­©, è·³æ¥¼, è‡ªæ€, æˆ‘èµ°äº†, ä¸å¹²äº†, è‡ªç¦, æ‹œæ‹œ"
6048747982218594945.webm,"å•Šï¼, ï¼, å°–å«, ä¸ä¼šå§, çœŸçš„ã€‚ã€‚ã€‚, å‘å–Š, å´©æºƒ, æƒŠè®¶, æƒŠæ"
6050902548267665981.webm,"å®å®æ‰“ä½ , ç”Ÿæ°”, å’¬ç‰™åˆ‡é½¿, æ‰“ä½ ï¼, å“¼ï¼"
6057708765761765997.png,"å°å­©ç«™ç€, é™·å…¥æ€è€ƒ, å‘å‘†, å‘†"
6057819481428722699.png,"LONEMLINESS, éš¾è¿‡, ä¼¤å¿ƒ, æŸ´çŠ¬"
6057821100631393327.png,"åˆ«çœ‹, æ‚ä½çœ¼ç›, åˆ«çœ‹äº†, ä¿æŠ¤"
6059824861788767346.webm,"å“ˆå“ˆ, å…´å¥‹, ç¬‘åˆ°æŠ½æ, å“ˆå“ˆå“ˆå“ˆ, èººåœ¨åœ°ä¸ŠæŠ–åŠ¨"
6060064495194079781.png,"æ•¬ç¤¼, salute, ç‘žæ–¯èƒŒ, yes sir, æ”¶åˆ°, ðŸ«¡, å…ƒç¥ž"
6060111593805451463.png,"æ‹¥æŠ±ä¸–ç•Œ, ä¸–ç•Œæ˜¯æˆ‘çš„"
6062238757963171042.webm,"æŠ½æ, æŠ“ç‹‚, ç‚¸è£‚, ä¸æ•¢ç½®ä¿¡"
6064193689637357163.png,"èŒå‘†, å˜¿å˜¿, å‚»çœ¼, æŠ¬å¤´"
6064436368174484743.png,"æŒ‡æŠ¢, ;), ä½ æ‡‚çš„, æ˜¯çš„, å¯¹, æ­£ç¡®, yes, å°±æ˜¯è¿™ä¸ª, æ²¡é”™, æ‰‹åŠ¿yes"
6068638830464861214.gif,"å°ç‹—, é¢¤æŠ–, ç”Ÿç—…, ç©·å“­äº†, æµæµªç‹—, ç‘Ÿç‘Ÿå‘æŠ–"
6068965398303212506.png,"èŒ«ç„¶,è¿·å¤±"
6070890428415086049.webm,"è‹¦ç¬‘, éš¾è¿‡, è°¢è°¢"
6070992382348758344.webm,"æ‘‡å°¾å·´, å‘µå‘µ, å˜»å˜», æƒ³"
6073177051823605012.webm,"å¿ƒé‡Œè‹¦, éš¾è¿‡, ä¼¤å¿ƒ, æ”¾å¤§ç—›è‹¦, å¿ƒç—›, ðŸ’”"
6073242167822780884.webm,"æ‘¸é±¼, æ²¡åŠžæ³•"
6075473042555798431.png,"å‘†å‘†,å·²è€å®ž"
6075721699687400162.png,"è®©æˆ‘æƒ³æƒ³,å¤´å¤§"
6077709861523556561.webm,"ç‹ç‹¸, æ„ŸåŠ¨å“­äº†, è°¢è°¢ä½ , æ„Ÿæ©, å®žåœ¨å¤ªå¥½äº†, æ¿€åŠ¨åˆ°å“­æ³£, æ„Ÿæ¿€ä¸å°½ï¼, æ¿€åŠ¨åˆ°æ³ªç›®äº†"
6077908250357925897.webm,"æ’’èŠ±, å¼€å¿ƒ, ç‹ç‹¸"
6080144047123465983.webm,"å¤§çœ¼ç›, æ°´çµçµ, çœ¼ç›å‘äº®, æ„ŸåŠ¨"
6080264688459843547.webm,"åˆ«å•Š, ä¸Šå¤©å•Š, éš¾è¿‡, æ‰“å‡», æ•‘æ•‘æˆ‘å§, æ±‚æ±‚äº†"
6082388820370653725.png,"ä½ è¯´å•¥ï¼Ÿ, æ— èŠ, ä¸ç¡®å®š, ä¸çŸ¥é“, å°å¥³ç”Ÿ"
6086663639975071575.png,"å¥¸ç¬‘, çœ¯çœ¯çœ¼, å˜¿å˜¿å˜¿, ç¾žæ¶©, è„¸çº¢"
6086758657536558832.webm,"é¢¤æŠ–, éœ‡æƒŠ, æ‹³å¤´ç¡¬äº†"
6087079594672785278.png,"å¹, å››å¶è‰, å¼€å¿ƒ, ç°è‰²çŒ«, å¹¸è¿, å¥½è¿"
6089052878742227568.png,"Doge(çŒ«ç‰ˆï¼‰, é‚ªç¬‘"
6093511046205542394.webm,"æ£’æ£’çš„, åŠ æ²¹, ä½ è¡Œçš„, æ•²å¤´, ä¸€åˆ‡é¡ºåˆ©, åŠ æ²¹ï¼, çœŸæ£’ï¼, åŽ‰å®³ï¼, è¶…èµžï¼, å¥¥é‡Œç»™ï¼"
6093709825881933338.png,"å®Œç¾Ž, ç¥ˆç¥·, è®¸æ„¿, æ±‚ä½›"
6100327417002333017.webm,"å¾—ç‘Ÿ, ä½ èƒ½æ‹¿æˆ‘æ€Žä¹ˆæ ·, æ‘‡æ‘†, O3O, å˜Ÿå˜´"
6102760163788195091.webm,"æ‘‡å¤´æ™ƒè„‘, æ‰­è…°, å˜¿å˜¿, å°å­©"
6102777021534832677.webm,"æˆ‘å¥½äº†, åŽŸè°…ä½ , ä¸ç”Ÿæ°”äº†, å¥½å§, å¯ä»¥å§, è¯´é”™äº†, è½¬é¢"
6104704654396883598.png,"ç¬‘æ­», å“­ç¬‘ä¸å¾—, å“­ç¬‘, å“ˆå“ˆ, å¤§ç¬‘"
6109149984202949786.webm,"è¯´è¿‡äº†, å°±æ˜¯å•Š, æäº†, å®å®, åƒè¯, å–‚ä½ "
6109503623220168570.webm,"å“¦ä¹°å™¶, å“‡å“‡å“­, å°å¥³å­©, è„‘å’‹, å´©æºƒ, ä¸è¡Œäº†, æ€Žä¹ˆåŠž, å°å¥³ç”Ÿ"
6111478075520716393.png,"ç‰›é€¼, æˆ‘æƒ³æƒ³, åŽ‰å®³, å¼º"
6118153043109216900.png,"çº¢è±†æ³¥ï¼Ÿ, æ¸¯çœŸ, çœŸçš„å—, çœŸçš„å—ï¼Ÿ, Really!?"
6118661790575363073.png,"å“¼, æ°”é¼“é¼“, å«è¡£å¥³å­©, ä¸ç†ä½ äº†, ä¸çˆ½, ç”Ÿæ°”"
6120476126495113739.png,"å¼€å¿ƒ, æƒ…ä¾£è´´çº¸, <3, å–œæ¬¢, çˆ±å¿ƒ, å¯çˆ±"
6122752265888468341.png,"åœ°å›¾, åæ ‡"
6140840241482696052.webm,"ç»™æˆ‘åŠ›é‡, åšå¼º, ç”Ÿæ°”, å‘é£™äº†"
6141056016344680899.png,"ç´¯, è¶³ä¸§, éš¾è¿‡, å´©æºƒ, ä¸‰æ¡çº¿, å€’ä¸‹äº†, æ— è¯­, æ²®ä¸§"
614222774784754216.png,"ä¼‘æ¯, å‡†å¤‡ç¡è§‰, è±å½¢å˜´å·´, ZZZ, zZZ, æŠ½è±¡, æ™šå®‰, ç¡è§‰äº†"
614222774784754255.png,"ä¸æ•¢ç›¸ä¿¡, æ‚å˜´, å¤§å°çœ¼, å˜˜"
6143079126329722230.webm,"å¿«, ä¹–å·§"
6143113309974433381.png,"å¸…æ°”, æŒæžª, biubiubiu"
6145640855278455717.png,"æ…Œäº†, ç–‘æƒ‘ä¸è§£"
6147422364763161168.png,"å˜»å˜», å¼€å¿ƒ, æœŸå¾…, æœ‰å¥½æ–°é—», å®å®å¾®ç¬‘, å¯çˆ±å°å­©, å˜¿å˜¿, æŠ¿å˜´ç¬‘"
615038311764852774.png,"char, å–·ç«, æé¾™, å‘æ€’"
6154406750385603257.png,"å¼€å¿ƒ, æ¬¢å‘¼"
6154476079747697214.png,"å¹²é¥­, æ°é¥­, åƒé¥­, é¦‹, é¥¿äº†, å¼€é¥­, å¥½åƒ"
6154486361899403030.webm,"æ¡æ‰‹, å¥½æœ‹å‹, åˆä½œæ„‰å¿«"
6158759497876638092.webm,"å¯¹æ‰“, å°çŒ«æ‹³, åå‡», æŒ¡æŽ‰æ”»å‡»"
6158779984870640180.webm,"å‘†æ»žå°çŒ«, å›°, å‘å‘†, è‡ªé—­, éš¾è¿‡, ä¼¤å¿ƒ"
6158808464798779816.webm,"æ„¤æ€’, æ°”çº¢æ¸©, å’†å“®å°çŒ«, å“‡å“ˆå“ˆå“ˆ, ç‹‚ç¬‘, å¥¸ç¬‘, çŒ«"
6159025184553568559.webm,"ç«çƒ§çŒ«, å†·é™, å°äº‹æƒ…, ç€ç«äº†, æˆ‘è¿˜å¯ä»¥åŠ ç­, è‹¥æ— å…¶äº‹, æ²¡äº‹, å¯ä»¥ç»§ç»­"
6159120090445908811.webm,"å¹²é¥­, æ— èŠ, åƒé¥­, ä¸çŸ¥é“, åƒçŒ«ç²®, åƒ"
6159220794544099066.webm,"éš¾è¿‡, ä¼¤å¿ƒ, ç”Ÿæ— å¯æ‹, å°å¯æ€œ, çŒ«, æ— è¾œ, å°çŒ«, æ³ªçœ¼æ±ªæ±ª, å¯æ€œå·´å·´, éœ€è¦å‘µæŠ¤"
6160966823303972842.webm,"æ­ªå˜´å°çŒ«, ä¸çˆ½, ç”Ÿæ°”å°ç™½çŒ«"
6161033988002549131.webm,"æ³ªçœ¼å©†å¨‘, ä¼¤å¿ƒå°çŒ«, çƒ­æ³ªç›ˆçœ¶, å¿ä½ä¸å“­, æ³ªæ±ªæ±ª, å“­å“­, å“¼å”§, ä¼¤å¿ƒ, éš¾è¿‡"
6161200332085922416.png,"è…°ç–¼, ç´¯säº†, å¤´æ™•, å“Žå‘€, è…°é…¸èƒŒç—›, ç´¯, è‹¦æ¼"
6163291968274171400.png,"å‘•å, å‘•, yue"
6167826616220126476.png,"maybe it's me, è¿™æ˜¯æˆ‘"
6172231599103412141.webm,"å’‹å•¦, å°çŒ«è½¬å¤´, å—¯ï¼Ÿ, å‘ç”Ÿä»€ä¹ˆäº‹äº†, æ€Žä¹ˆäº†, æ³¨æ„åˆ°, ä»€ä¹ˆ"
6172607344317301847.png,"ç¡è§‰, å›°, æ™šå®‰, zZ"
6181362686689805749.webm,"å´©æºƒ, å‘è„¾æ°”, æˆ‘å‘½æ€Žä¹ˆè¿™ä¹ˆè‹¦å•Š"
6181642538168878267.webm,"ç”Ÿæ°”, ä½ è¯´çš„ä»€ä¹ˆå±å±è¯, æ— è¯­, çš±çœ‰å¤´, ##, ä¸çˆ½, ä¸å¼€å¿ƒ"
6183817771600579939.png,"é¦‹, è‰²è¿·è¿·, é¥¿äº†, ç»™æˆ‘ï¼"
6188007692586452903.webm,"æ‰“ä½ , é‡æ‹³å‡ºå‡», åƒæˆ‘ä¸€æŽŒ, çŒ«, åµæž¶, æ‰“æž¶"
6188092505305647898.webm,"èŒ, ï¼Ÿï¼Ÿï¼Ÿ, æ€Žä¹ˆäº†, ï¼Ÿ, é—®å·, æˆ‘è¯·é—®å‘¢ï¼Ÿ"
6188381878727214483.webm,"å¥½çš„, æŸ´çŠ¬, ç‚¹å¤´, æœºæ¢°ç‚¹å¤´"
6197113560124887718.png,"æ·¡æ·¡çš„æ­»æ„Ÿ, éŸ©å›½æ–‡åŒ–, å…ƒç¥ž, ç™½è‰²è£…é¥°"
6199368280516332956.png,"é’»çŸ³, å…‰èŠ’ä¸‡ä¸ˆ, å½“å½“å½“æŒ¡\, çœ‹çœ‹è¿™æ˜¯ä»€ä¹ˆå®è´"
6201836203084353091.webm,"ä¸é”™, å¾ˆæ£’, å¯ä»¥, èµžåŒ, ä¸é”™ä¸é”™, èµž"
6206232389874617192.webm,"å®³æ€•, æ‰­, å•Šå•Šå•Š"
6206407663195001554.webm,"ä¾èµ–, è´´è´´, ä½ å¥½å‘€, å“ˆå–½, çŽ©è€"
6208373680179776736.webm,"æ‚²ä¼¤, æ³ªçœ¼å©†å¨‘, æƒ³èµ·äº†ä¼¤å¿ƒçš„äº‹, çŒ«çŒ«, å®³ç¾ž, ç¾žç¾ž, ä¸å¥½æ„æ€, è„¸çº¢, ðŸ˜³, çŒ«"
6212838861324683108.png,"ç´¯äº†, ä¸€æ»©, èžåŒ–, é’è›™"
6213038328195845230.webm,"è·‘æ­¥, æ’žåˆ°"
6213213760430017494.webm,"ä¸ç®¡ä¸é¡¾, æ— åŠ›å›žå¤©, æ„¤æ€’, åˆ’æ°´, ç©ºæ°”æ‹³, å¹¼çŒ«, æŒ£æ‰Ž"
6215214626779433030.png,"å¥½åƒ, å¤§åƒç‰¹åƒ, çˆ½åƒ"
6215247616423235032.webm,"è¸¢é£ž, åŽ»ä½ çš„, è¡«, èµ°å¼€"
6217630657552582289.png,"éš¾è¿‡, ä¼¤å¿ƒ, å“­å“­, å‘œå‘œ, å“‡å•Š, å¤§å“­, çŒ«"
6219632348535719110.webm,"å¾—æ„, å¢¨é•œç™½å‘å°äºº, é—ªè€€ç™»åœº, é…·ç”·, å¤§å¸…å“¥"
6219665604467492323.webm,"éš¾è¿‡, ä¼¤å¿ƒ, çŒ«, ä¸çˆ±æˆ‘äº†, å“¦, æ— è¾œ, å°çŒ«, ðŸ¥º"
6219705191181058686.png,"ä½ è¯´å¾—å¯¹, è¡Œå§, å°å­©, çš®ç¬‘è‚‰ä¸ç¬‘, è„¸é¢Šè‚‰"
622308136618819716.png,"èººç€, ç¡è§‰, èˆ’æœ"
6226355278024017741.png,"sorry, ignore me, çº¯æ–‡å­—"
6226745248169592484.png,"å’†å“®, å¼ å˜´, ç‹—ç‹—, æ”¯æŒä½ ï¼, standby"
6226759503166048143.png,"æŸ¯åŸºçŠ¬, å¯çˆ±è„¸, å¯çˆ±, æ€Žä¹ˆäº†, å…³å¿ƒ, å›´è§‚, æ‡µé€¼è·¯äºº, å‘†å‘†åœ°å‡è§†"
6228825811932152690.gif,"å“ˆå“ˆå“ˆ, è²“èŸ²å’–æ³¢, å˜»å˜», ç‚¹å¤´, å¼€å¿ƒ, >w<, è²“è²“èŸ²å’–æ³¢, ç¬‘, å“ˆå“ˆ, å—¯å—¯, èµžåŒ"
6230839215291107037.webm,"èŠ±é’±, money go brrr, æžªæ‰“å‡ºæ¥é’±"
6235698962196595528.png,"ç©ºæ´ž, å‘†æ»ž, ç•¥å¸¦æƒ…ç»ª, å°±è¿™æ ·æœ›ç€ä½ "
6237773938206705513.webm,"ä¸å¼€å¿ƒ, å‘è„¾æ°”, éš¾å—, å­©å­æ°”, å¥¶é¾™, æ‰“æ»š, è¹¬è…¿, èºº"
6239761807985084467.png,"åƒç“œ, çœ‹å¥½æˆ, å…«å¦, åƒé¥­, å¹²é¥­"
6241997016340103951.png,"å¨èƒ, åŽ‹è¿«, ç›¯, ä½ æ•¢ï¼, å°å­©, æ–œçœ¼, å¾®ç”Ÿæ°”"
6242303384947262864.png,"è§‚å¯Ÿ, å®³æ€•, å·å·çœ‹, ç²‰çº¢å¤´å‘å°å­©"
6251330946641953764.png,"ç›¯ç€, ä»€ä¹ˆäº‹ï¼Ÿ, åœ¨, å°å­©å›žå¤´, åŒé©¬å°¾, ç›¯ç€çœ‹"
6253474530459649303.png,"å‘¯, æ€äº†æˆ‘, è‡ªæ€, æ”¾å¼ƒ"
6262259147329244431.png,"æŽ¢å¤´, å¥½åƒ, æŠ“çŒŽç‰©, é¦‹, æœŸå¾…"
6264810194694310430.webm,"ç–¯ç‹‚æ—‹è½¬, æ€Žä¹ˆåŠž å‘ç–¯"
6269357018872546542.webm,"å±è‚¡, å¯çˆ±, è·‘æ­¥, æºœäº†æºœäº†"
6271301947567900299.webm,"çœŸä¸é”™, å“‡ï½ž, ç»™ä½ èŠ±èŠ±, çˆ±å¿ƒ, é€èŠ±, çˆ±ä½ , å…ƒç¥ž"
6271393009464510005.webm,"å“­å“­, å“¼å”§"
6280727953378642866.png,"å†·çœ¼, æ— è¯­, è¡¨æƒ…å‡å›º"
6284779593597452925.png,"å¤–å›½å°å­©, å§”å±ˆ, è¦å“­äº†"
6285071290596332043.png,"åˆ«ä¼¤å¿ƒ, å–é…’å§, ç»™ä½ å€’é…’, éš¾è¿‡, å–é…’, å€’é…’"
6287143827065012600.png,"å“ˆå“ˆ, å¥½è´±, çŒ¥ççš„ç¬‘å®¹"
6287180600575005606.png,"æ²³é©¬, å¼ å¤§å˜´"
6293969865833189596.png,"æ‰­æ›², é¢ç›®ç‹°ç‹ž"
6296312517090084788.webm,"è€¶, ç‚«, æ‰­è…°, çœ‹æˆ‘"
6305496827911210501.png,"å–é…’, æˆ‘å€’äº†, æ”¾å¼ƒäº†, å°±è¿™æ ·å§, é†‰äº†, å–å¤šäº†, èººå¹³, ä¼‘æ¯, æ”¾æ¾"
6314407235782972528.png,"æ€è€ƒ,æƒ³æƒ³"
6314608712698823729.png,"ä½ æœ€å¥½æœ‰äº‹, é€®æ•ä½ å“¦, è­¦å¯Ÿ"
6316298657775751260.png,"æ— è¯­, ç›¯, çœ‹, é¢æ— è¡¨æƒ…"
6316762003142611706.png,"ä¸çŸ¥é“, å¤§å¤´, äºŒæ¬¡å…ƒ, ç±³å“ˆæ¸¸é£Žæ ¼, å‡‘è¿‘"
6327972245742290320.webm,"æ‚è„¸, æ²¡è„¸çœ‹, æ— è¯­, å¹æ°”, sign"
6332110116019507746.png,"çœ‹ä½ , é…·, å¼€å¿ƒ"
6332180991569824463.webm,"å¥½åƒ, çœ‹æ‰‹æœº, å•Šå’§, ç´«å‘åŠ¨æ¼«äººç‰©, æ— è¯­"
6332212714198271277.webm,"ç¬‘æ­»æˆ‘äº†, å“ˆå“ˆå“ˆ, å¼€å¿ƒ, å“ˆå“ˆ, å¤§ç¬‘"
6332485427441697947.webm,"æ£’æžäº†, å¤ªèµžäº†, é¦™, nice, å®Œç¾Ž, è®¤å¯, è€å¤´ï¼šéžå¸¸å¥½"
6332501202856578668.webm,"é«˜é€Ÿæ‹æ‰“, é»„è‰²å¤´å‘å°å­©, æš´å‡», ä¸€ç›´æ‰“"
6334740530085237293.png,"å‡è§†, æ‚²ä¼¤"
6334807037653812607.webm,"æ‰“ä¸€å·´æŽŒ, æŸ´çŠ¬, è¯¥æ‰“, è½»è½»æ‰“, å°±æ˜¯ä½ "
6336617147325744076.webm,"è¹¦è¿ªæ•ˆæžœ, ç‚«é…·, æƒŠå–œ, æŒ‡æŠ¢, æ‚å˜´, å®³ç¾ž, è¯´å¯¹äº†"
6336920771448800414.webm,"æ“¦æ±—, æ€Žä¹ˆåŠž"
6339045586259412532.webm,"å“Ž, æ²¡åŠžæ³•, æŠ½çƒŸ, ä¸æ•¢ç›¸ä¿¡"
64462283677368564.png,"å¥½æ£’, å¯ä»¥çš„ï¼, çœŸä¸é”™, å°±è¿™æ ·å§, æš´èµ°é£Ž, æš´èµ°å¤§ä¸–ç•Œé£Ž, ç‚¹èµž, èµž, ä¸‘é™‹è„¸"
654210552398086905.png,"æ¯’å¦–é¸Ÿ,é¦‹"
654210552398086911.png,"Eggs,åƒæ—©é¤äº†"
669505506464759866.png,"è€å¤©çˆ·å•Š, å´©æºƒ, æ€Žä¹ˆåŠž, ç–¯äº†, å•Šå•Šå•Šå•Šå•Š, æ¯ç­å§, é’è›™ä»°å¤´"
669505506464759882.png,"å“‡, æ­å–œ, ä¸ºä½ é«˜å…´, åº†ç¥, ä¸ºä½ è‡ªè±ª, ç¥è´º, é’è›™, ç”Ÿæ—¥å¿«ä¹"
669505506464759889.png,"è®©æˆ‘æƒ³æƒ³, æ€è€ƒ, æ·±æ€, ðŸ¤”, çœ¯çœ¼æ€è€ƒ, Hmm, é’è›™"
672345197106954777.png,"æµå£æ°´, é¦‹, æˆ‘ä¹Ÿæƒ³"
675168768736887072.png,"æ‚å˜´, ä¸æ•¢ç›¸ä¿¡, éœ‡æƒŠ, æ²‰æ€, ç©ºæ°”çªç„¶å®‰é™, è®©æˆ‘æƒ³æƒ³"
688895020358434903.png,"ç—›è‹¦, æ³ªæµæ»¡é¢, éš¾è¿‡, ç¾éš¾, æ³ªæµæˆæ¡¶"
701631548306227470.png,"Clap, æœŸå¾…, å¸Œæœ›, æ±‚æ±‚äº†"
751735206557254213.png,"å“ˆå“ˆå“ˆ, å°åº¦äººå¤§ç¬‘, ç¬‘æ­», xs"
751735206557254257.png,"æŽ©é¢è€Œæ³£"
765673509304140462.gif,"ç—›å¿«,å¤§ç¬‘"
773947703670341874.gif,"ç¬‘å“­, xs, ç¬‘åˆ°é£™çœ¼æ³ª, ç¬‘å“­äº†, å¤§ç¬‘, é¸­å­, é«˜å…´, ç¬‘æ­»äº†"
773947703670341879.gif,"å¢¨é•œ, é¸­å­, æˆ‘å“¦, æ˜¯æˆ‘å‘¢, å—¨, ä½ å¥½, æˆ´çœ¼é•œ, çœ¨çœ¼, æ‰“æ‹›å‘¼"
773947703670341890.gif,"æƒ³åŠžæ³•, æ€è€ƒ, è½¬åœˆåŠ è½½, å°é»„é¸­, ä¸å¯¹åŠ², æ²¡æ˜Žç™½"
773947703670341952.gif,"ä½ å¥½, ä¸‡åœ£èŠ‚, ä¸å®¢æ°”, åˆæ¬¡è§é¢"
773947703670342216.gif,"è°ƒçš®, å¼€å¿ƒ, é¸­å­, çº¸é£žæœº, çŽ©è€"
816099496260796804.gif,"æƒŠå“, ä¸ä¼šå§, çœŸçš„å—"
816099496260796813.gif,"è´´è´´, ç¢°ç¢°, æ¯”å¿ƒ, äº²äº², ä¹ˆä¹ˆå“’, kiss, çˆ±å¿ƒ"
816099496260796816.gif,"å¿ä¿Šä¸ç¦, ç¬‘ä¸­æœ‰æ³ª"
884547634143000482.gif,"è·³èˆž, æ‰­è…°, å¼€å¿ƒ, å˜»å˜»"
884547634143000483.gif,"æ‰“ä½ , æä½ , è¿˜ä¸å¬è¯, ä¹–ä¸€ç‚¹, æ¬ æ, è¿˜è¯´, å˜´è´±, æŒ¨æ, æ¬ æ‰“"
884547634143000491.gif,"å¹é£Ž, æ”¾æ¾"
884547634143000497.gif,"ä¹–å·§, æ£’ï¼, è¶…èµž, åŽ‰å®³, æ¬§å…‹, å¥½çš„"
939064079232794822.png,"æƒ­æ„§, ä¸æ•¢å‡è§†, ææƒ§, å®³æ€•, ä¾§çœ¼, ä¸æ•¢ç›´è§†"
939064079232794827.png,"ä¼¤å¿ƒ, å¯æ€œ, æ€€ç–‘, è´¨ç–‘, ä½ ç¡®å®šå—, :c"
